name,Age,G,GS,MP,FG,FGA,FG_Per,threeP,threePA,threeP_Perc,twoP,twoPA,twoP_Per,eFG_Per,FT,FTA,FT_Per,ORB,DRB,TRB,AST,STL,BLK,TOV,PF,PS_Game,Salary
Alex Abrines,23,68,6,15.5,2,5,0.393,1.4,3.6,0.381,0.6,1.4,0.426,0.531,0.6,0.7,0.898,0.3,1,1.3,0.6,0.5,0.1,0.5,1.7,6,2392.697223
Quincy Acy,26,38,1,14.7,1.8,4.5,0.412,1,2.4,0.411,0.9,2.1,0.413,0.521,1.2,1.6,0.75,0.5,2.5,3,0.5,0.4,0.4,0.6,1.8,5.8,1307.493021
Steven Adams,23,80,80,29.9,4.7,8.2,0.571,0,0,0,4.7,8.2,0.572,0.571,2,3.2,0.611,3.5,4.2,7.7,1.1,1.1,1,1.8,2.4,11.3,4740.45462
Arron Afflalo,31,61,45,25.9,3,6.9,0.44,1,2.5,0.411,2,4.4,0.457,0.514,1.4,1.5,0.892,0.1,1.9,2,1.3,0.3,0.1,0.7,1.7,8.4,1383.591703
Alexis Ajinca,28,39,15,15,2.3,4.6,0.5,0,0.1,0,2.3,4.5,0.511,0.5,0.7,1,0.725,1.2,3.4,4.5,0.3,0.5,0.6,0.8,2,5.3,2227.509371
Cole Aldrich,28,62,0,8.6,0.7,1.4,0.523,0,0,0,0.7,1.4,0.523,0.523,0.2,0.4,0.682,0.8,1.7,2.5,0.4,0.4,0.4,0.3,1.4,1.7,2701.851217
LaMarcus Aldridge,31,72,72,32.4,6.9,14.6,0.477,0.3,0.8,0.411,6.6,13.8,0.48,0.488,3.1,3.8,0.812,2.4,4.9,7.3,1.9,0.6,1.2,1.4,2.2,17.3,4632.60294
Lavoy Allen,27,61,5,14.3,1.3,2.8,0.458,0,0,0,1.9,2.7,0.461,0.458,0.4,0.5,0.697,1.7,1.9,3.6,0.9,0.3,0.4,0.5,1.3,2.9,1993.740078
Tony Allen,35,71,66,27,3.9,8.4,0.461,0.2,0.8,0.278,1.9,7.6,0.479,0.473,1.1,1.8,0.615,2.3,2.4,5.5,1.4,1.6,0.4,1.4,2.5,9.1,1454.975945
Al-Farouq Aminu,26,61,25,29.1,3,5.7,0.393,1.1,3.5,0.33,1.9,4.2,0.445,0.468,1.6,2.2,0.706,1.3,2.4,7.4,1.6,1,0.7,1.5,1.7,8.7,2705.371509
Chris Andersen,38,12,0,9.5,0.8,5.7,0.409,0,0.3,0,1.9,1.6,0.474,0.409,0.8,1.2,0.714,0.8,2.4,2.6,0.4,0.4,0.6,0.4,1.7,2.3,1993.740078
Alan Anderson,34,30,0,10.3,1,5.7,0.375,0.5,1.5,0.318,1.9,1.2,0.444,0.463,0.4,0.5,0.75,0.1,2.4,0.8,0.4,0.1,0,0.2,1.2,2.9,1993.740078
Justin Anderson,23,62,10,16.4,2.5,5.7,0.424,0.8,2.6,0.299,1.9,3.3,0.522,0.49,1.4,1.7,0.791,0.9,2.4,3.3,0.9,0.5,0.3,0.9,1.5,7.1,1256.757733
Kyle Anderson,23,62,14,14.2,1.3,5.7,0.445,0.2,0.6,0.375,1.9,2.3,0.462,0.481,0.6,0.8,0.789,0.5,2.4,2.9,1.3,0.7,0.4,0.5,0.9,3.4,1466.868774
Ryan Anderson,28,62,72,29.4,4.5,5.7,0.418,2.8,7,0.403,1.9,3.7,0.446,0.55,1.8,2.1,0.86,1.6,2.4,4.6,0.9,0.4,0.2,0.8,2,13.6,4424.754908
Giannis Antetokounmpo,22,62,80,35.6,8.2,5.7,0.521,0.6,2.3,0.272,1.9,13.5,0.563,0.541,5.9,7.7,0.77,1.8,2.4,8.8,5.4,1.6,1.9,2.9,3.1,22.9,4740.45462
Carmelo Anthony,32,62,74,34.3,8.1,5.7,0.433,2,5.7,0.359,1.9,13.1,0.466,0.488,4.1,4.9,0.833,0.8,2.4,5.9,2.9,0.8,0.5,2.1,2.7,22.4,5122.866385
Joel Anthony,34,62,0,6.4,0.5,5.7,0.625,0,0,0,1.9,0.8,0.625,0.625,0.3,0.4,0.625,0.4,2.4,1.6,0.2,0.1,0.3,0.2,0.6,1.3,1993.740078
Trevor Ariza,31,62,80,34.7,4.1,5.7,0.409,2.4,6.9,0.344,1.9,3,0.556,0.528,1.2,1.6,0.738,0.7,2.4,5.7,2.2,1.8,0.3,0.9,1.7,11.7,2724.135092
Darrell Arthur,28,62,7,15.6,2.3,5.7,0.442,1.3,2.9,0.453,1.9,2.4,0.429,0.565,0.5,0.5,0.864,0.6,2.4,2.7,1,0.5,0.5,0.9,1.9,6.4,2732.199114
Omer Asik,30,62,19,15.5,1,5.7,0.477,0,0,0,1.9,2.1,0.477,0.477,0.7,1.3,0.59,1.5,2.4,5.3,0.5,0.2,0.3,0.5,1.6,2.7,3255.073732
D.J. Augustin,29,62,20,19.7,2.5,5.7,0.377,1.2,3.5,0.347,1.9,3.1,0.412,0.469,1.7,2.1,0.814,0.2,2.4,1.5,2.7,0.4,0,1.2,1.3,7.9,2692.582404
Luke Babbitt,27,62,55,15.7,1.7,5.7,0.402,1.3,3.1,0.414,1.9,1,0.366,0.557,0.2,0.2,0.733,0.2,2.4,2.1,0.5,0.3,0.2,0.4,1.7,4.8,1405.047686
Ron Baker,23,62,13,16.5,1.6,4.2,0.378,0.4,1.7,0.267,1.9,2.5,0.45,0.431,0.5,0.8,0.651,0.2,2.4,1.9,2.1,0.7,0.2,1.1,1.4,4.1,2080.38458
Wade Baldwin,20,62,1,12.3,1.1,3.5,0.313,0.1,0.7,0.136,1.9,2.8,0.355,0.326,0.9,1.1,0.838,0.3,2.4,1.4,1.8,0.5,0.2,1.2,1.2,3.2,1023.932615
Leandro Barbosa,34,62,0,14.4,2.6,5.9,0.439,0.5,1.5,0.357,1.9,4.4,0.466,0.483,0.6,0.7,0.889,0.2,2.4,1.6,1.2,0.5,0.1,0.7,1.2,6.3,707.1067812
J.J. Barea,32,62,6,22,4.1,9.8,0.414,1.5,4.2,0.358,1.9,5.6,0.456,0.491,1.3,1.5,0.863,0.3,2.4,2.4,5.5,0.4,0,1.8,0.9,10.9,1975.82894
Harrison Barnes,24,62,79,35.5,7.6,16.2,0.468,1,2.8,0.351,1.9,13.4,0.492,0.498,3.1,3.6,0.861,1.2,2.4,5,1.5,0.8,0.2,1.3,1.6,19.2,4807.494566
Matt Barnes,36,62,18,24,2.5,6.4,0.391,1.2,3.6,0.331,1.9,2.8,0.467,0.483,0.9,1.2,0.787,0.9,2.4,5.2,2.6,0.6,0.4,1.4,2.5,7.1,1460.664917
Will Barton,26,62,19,28.4,4.9,11.1,0.443,1.5,3.9,0.37,1.9,7.2,0.483,0.508,2.4,3.2,0.753,1,2.4,4.3,3.4,0.8,0.5,1.6,1.8,13.7,1879.716202
Brandon Bass,31,62,0,11.1,2.1,3.6,0.575,0,0.1,0.333,1.9,3.5,0.579,0.578,1.5,1.7,0.875,0.8,2.4,2.5,0.4,0.3,0.2,0.6,0.9,5.6,1993.740078
Nicolas Batum,28,62,77,34,5.1,12.7,0.403,1.8,5.3,0.333,1.9,7.4,0.453,0.472,3.2,3.7,0.856,0.6,2.4,6.2,5.9,1.1,0.4,2.5,1.4,15.1,4736.537132
Jerryd Bayless,28,62,1,23.7,3.7,10.7,0.344,0.7,1.7,0.4,1.9,9,0.333,0.375,3,3.3,0.9,1,2.4,4,4.3,0,0,3,1.3,11,3000
Aron Baynes,30,62,2,15.5,1.9,3.7,0.513,0,0,0,1.9,3.7,0.513,0.513,1.1,1.3,0.84,1.5,2.4,4.4,0.4,0.2,0.5,0.7,2.2,4.9,2080.38458
Kent Bazemore,27,62,64,26.9,4,9.9,0.409,1.3,3.6,0.346,1.9,6.2,0.446,0.473,1.6,2.3,0.708,0.6,2.5,3.2,2.4,1.2,0.7,1.7,2.3,11,4112.190657
Bradley Beal,23,62,77,34.9,8.3,17.2,0.482,2.9,7.2,0.404,5.4,10,0.538,0.566,3.7,4.4,0.825,0.7,2.4,3.1,3.5,1.1,0.3,2,2.2,23.1,4876.013331
Malik Beasley,20,62,1,7.5,1.5,3.3,0.452,0.4,1.3,0.321,1.1,2,0.533,0.514,0.4,0.5,0.8,0.2,0.5,0.8,0.5,0.3,0,0.4,0.5,3.8,1304.085887
Michael Beasley,28,62,6,16.7,3.9,7.3,0.532,0.3,0.8,0.419,3.5,6.5,0.545,0.554,1.4,1.9,0.743,0.7,2.7,3.4,0.9,0.5,0.5,1.2,1.6,9.4,1454.975945
Marco Belinelli,30,62,0,24,3.6,8.3,0.429,1.4,3.8,0.36,2.2,4.5,0.488,0.512,2,2.3,0.893,0.2,2.2,2.4,2,0.6,0.1,0.9,1.2,10.5,1881.791301
DeAndre' Bembry,22,62,1,9.8,1.2,2.6,0.48,0,0.5,0.056,1.2,2.1,0.575,0.485,0.2,0.4,0.375,0.4,1.2,1.6,0.7,0.2,0.1,0.4,0.6,2.7,1251.878588
Dragan Bender,19,62,0,13.3,1.3,3.7,0.354,0.7,2.3,0.277,0.7,1.4,0.483,0.441,0.1,0.3,0.364,0.5,1.9,2.4,0.5,0.2,0.5,0.7,1.7,3.4,2113.953642
Anthony Bennett,23,62,1,11.5,1.7,4,0.413,0.6,2.1,0.271,1.1,1.9,0.568,0.484,1.1,1.6,0.722,1.1,2.3,3.4,0.5,0.2,0.1,0.5,0.8,5,1993.740078
Ben Bentil,21,62,0,3.3,0,1,0,0,0.3,0,0,0.7,0,0,0,0,0,0,0.7,0.7,0,0,0,0.3,0.3,0,1993.740078
Davis Bertans,24,62,6,12.1,1.5,3.5,0.44,1,2.6,0.399,0.5,0.9,0.557,0.588,0.4,0.5,0.824,0.3,1.1,1.5,0.7,0.3,0.4,0.5,1.1,4.5,1145.692367
Patrick Beverley,28,62,67,30.7,3.4,8.1,0.42,1.6,4.3,0.382,1.8,3.8,0.463,0.521,1.1,1.4,0.768,1.4,4.4,5.9,4.2,1.5,0.4,1.5,3.3,9.5,2348.087307
Bismack Biyombo,24,62,27,22.1,2.2,4.2,0.528,0,0,0,2.2,4.2,0.528,0.528,1.5,2.9,0.534,1.9,5.1,7,0.9,0.3,1.1,1.2,2.5,6,4123.105626
Nemanja Bjelica,28,62,1,18.3,2.3,5.5,0.424,0.9,2.7,0.316,1.5,2.8,0.531,0.503,0.7,0.9,0.738,0.9,2.9,3.8,1.2,0.6,0.3,0.9,2.4,6.2,1987.46044
Tarik Black,25,62,16,16.3,2.2,4.4,0.51,0,0,0.5,2.2,4.4,0.51,0.512,1.2,1.6,0.752,2.1,3,5.1,0.6,0.4,0.7,0.9,2.6,5.7,1813.835715
Eric Bledsoe,27,62,66,33,6.8,15.7,0.434,1.6,4.7,0.335,5.2,11,0.477,0.485,5.9,6.9,0.847,0.8,4.1,4.8,6.3,1.4,0.5,3.4,2.5,21.1,3807.886553
Bojan Bogdanovic,27,62,54,25.7,4.6,10.4,0.445,1.8,4.8,0.367,2.9,5.6,0.512,0.53,2.7,3,0.893,0.5,3,3.4,1.4,0.4,0.1,1.6,1.8,13.7,3240.370349
Andrew Bogut,32,62,21,21.6,1.4,3,0.469,0,0,0,1.4,3,0.475,0.469,0.1,0.4,0.273,2.1,6,8.1,1.8,0.5,0.9,1.6,3.2,2.9,1525.992136
Joel Bolomboy,23,62,0,4.4,0.8,1.3,0.563,0.1,0.3,0.25,0.7,1,0.667,0.594,0.3,0.5,0.5,0.3,1.1,1.4,0.2,0.1,0.2,0.2,0.1,1.8,816.9635855
Devin Booker,20,62,78,19.1,7.8,18.3,0.423,1.9,5.2,0.363,5.9,13.2,0.447,0.475,4.7,5.7,0.832,0.6,2.6,3.2,3.4,0.9,0.3,3.1,3.1,22.1,1522.944516
Trevor Booker,29,71,43,19.1,4.3,8.3,0.516,0.4,1.1,0.321,3.9,7.2,0.546,0.537,1,1.5,0.673,2,6,8,1.9,1.1,0.4,1.8,2.1,10,3020.761493
Avery Bradley,26,55,55,19.1,6.5,14.1,0.463,2,5,0.39,4.6,9.1,0.504,0.533,1.2,1.7,0.731,1.2,4.9,6.1,2.2,1.2,0.2,1.6,2.6,16.3,2967.994104
Corey Brewer,30,82,11,19.1,1.8,4.2,0.422,0.3,1.4,0.229,1.5,2.8,0.522,0.461,0.6,0.8,0.735,0.4,1.6,2,1.2,0.7,0.2,0.7,1.6,4.5,2753.064838
Malcolm Brogdon,24,75,28,19.1,3.9,8.5,0.457,1,2.6,0.404,2.8,5.9,0.48,0.518,1.5,1.7,0.865,0.6,2.2,2.8,4.2,1.1,0.2,1.5,1.9,10.2,1145.692367
Aaron Brooks,32,65,0,19.1,1.9,4.6,0.403,0.7,2,0.375,1.1,2.6,0.424,0.483,0.5,0.6,0.8,0.3,0.8,1.1,1.9,0.4,0.1,1,1.4,5,1454.975945
Anthony Brown,24,11,0,19.1,1.6,4.5,0.36,0.6,2.5,0.259,1,2.1,0.478,0.43,0,0,0,0.7,2.3,3,0.7,0.5,0.1,0.5,1.4,3.9,1993.740078
Bobby Brown,32,25,0,19.1,0.9,2.4,0.383,0.6,1.4,0.4,0.4,1,0.36,0.5,0.1,0.1,1,0,0.2,0.2,0.6,0,0,0.2,0.2,2.5,1234.627474
Jaylen Brown,20,78,20,19.1,2.5,5.4,0.454,0.6,1.7,0.341,1.9,3.7,0.507,0.508,1.1,1.6,0.685,0.6,2.2,2.8,0.8,0.4,0.2,0.9,1.8,6.6,2226.315342
Nicolas Brussino,23,54,2,19.1,1,2.6,0.369,0.5,1.8,0.305,0.4,0.9,0.5,0.472,0.3,0.4,0.773,0.5,1.3,1.8,0.9,0.3,0.1,0.5,0.8,2.8,1145.692367
Reggie Bullock,25,31,5,19.1,1.7,4.1,0.422,0.9,2.4,0.384,0.8,1.8,0.473,0.531,0.2,0.2,0.714,0.4,1.6,2.1,0.9,0.6,0.1,0.3,0.7,4.5,1581.13883
Trey Burke,24,57,0,19.1,2,4.5,0.455,0.5,1.2,0.443,1.5,3.2,0.459,0.516,0.4,0.5,0.759,0.1,0.7,0.8,1.8,0.2,0.1,0.8,0.9,5,885.528091
Alec Burks,25,42,0,19.1,2.4,5.9,0.399,0.6,1.8,0.329,1.8,4.1,0.43,0.45,1.4,1.9,0.769,0.4,2.5,2.9,0.7,0.4,0.1,0.8,1.2,6.7,3293.251585
Jimmy Butler,27,76,75,19.1,7.5,16.5,0.455,1.2,3.3,0.367,6.3,13.2,0.477,0.492,7.7,8.9,0.865,1.7,4.5,6.2,5.5,1.9,0.4,2.1,1.5,23.9,4393.298305
Bruno Caboclo,21,9,0,19.1,0.7,1.8,0.375,0.2,0.7,0.333,0.4,1.1,0.4,0.438,0,0,0,0.6,0.6,1.1,0.4,0.2,0.1,0.2,0.4,1.6,1565.638847
Jose Calderon,35,41,13,19.1,1.3,3.3,0.41,0.5,1.6,0.313,0.9,1.7,0.5,0.485,0.3,0.3,0.917,0.4,1.4,1.8,2.1,0.3,0,1,0.9,3.4,1525.992136
Kentavious Caldwell-Pope,23,76,75,19.1,4.9,12.2,0.399,2,5.8,0.35,2.9,6.5,0.442,0.481,2,2.4,0.832,0.7,2.5,3.3,2.5,1.2,0.2,1.1,1.6,13.8,4212.587566
Isaiah Canaan,25,39,0,19.1,1.6,4.4,0.364,0.6,2.4,0.266,1,2,0.481,0.436,0.8,0.8,0.909,0.2,1.1,1.3,0.9,0.6,0,0.5,0.9,4.6,664.02134
Clint Capela,22,65,59,19.1,5.6,8.7,0.643,0,0,0,5.6,8.7,0.643,0.643,1.4,2.7,0.531,2.7,5.4,8.1,1,0.5,1.2,1.3,2.8,12.6,1527.91361
DeMarre Carroll,30,72,72,19.1,3.1,7.6,0.4,1.5,4.4,0.341,1.5,3.2,0.483,0.499,1.2,1.6,0.761,0.9,2.9,3.8,1,1.1,0.4,0.8,2,8.9,3847.076812
Vince Carter,40,73,15,19.1,2.6,6.7,0.394,1.5,4.1,0.378,1.1,2.7,0.418,0.508,1.2,1.6,0.765,0.5,2.6,3.1,1.8,0.8,0.5,0.7,2.2,8,2828.427125
Michael Carter-Williams,25,45,19,19.1,2.5,6.8,0.366,0.3,1.4,0.234,2.2,5.4,0.401,0.391,1.3,1.7,0.753,0.5,2.9,3.4,2.5,0.8,0.5,1.5,2.3,6.6,1643.167673
Omri Casspi,28,36,2,19.1,2.1,4.6,0.47,0.4,1.2,0.349,1.7,3.4,0.512,0.515,0.5,0.8,0.586,0.8,2.4,3.1,1,0.6,0.1,0.8,1.4,5.2,1451.36832
Willie Cauley-Stein,23,75,21,19.1,3.4,6.4,0.53,0,0,0,3.4,6.4,0.532,0.53,1.3,2,0.669,1.1,3.4,4.5,1.1,0.7,0.6,0.9,2,8.1,1924.619443
Tyson Chandler,34,47,46,19.1,3.3,4.9,0.671,0,0,0,3.3,4.9,0.671,0.671,1.9,2.6,0.734,3.3,8.2,11.5,0.6,0.7,0.5,1.4,2.7,8.4,3605.551275
Wilson Chandler,29,71,33,19.1,6.1,13.2,0.461,1.5,4.6,0.337,4.5,8.6,0.527,0.52,2,2.7,0.727,1.5,5,6.5,2,0.7,0.4,1.6,2.4,15.7,3466.533427
Marquese Chriss,19,82,75,19.1,3.5,7.7,0.449,0.9,2.7,0.321,2.6,5,0.52,0.506,1.4,2.2,0.624,1.2,3.1,4.2,0.7,0.8,0.9,1.3,3.2,9.2,1753.225599
Rakeem Christmas,25,29,0,19.1,0.7,1.5,0.442,0,0,0,0.7,1.5,0.442,0.442,0.7,1,0.724,0.9,1,1.9,0.1,0.1,0.2,0.3,1.3,2,415.3937891
Semaj Christon,24,64,1,15.2,1.2,3.5,0.345,0.2,1,0.19,1,2.5,0.406,0.372,0.3,0.5,0.548,0.3,1.1,1.4,2,0.4,0.1,0.7,1.2,2.9,1993.740078
Ian Clark,25,77,0,14.8,2.7,5.6,0.487,0.8,2.1,0.374,1.9,3.5,0.556,0.558,0.6,0.8,0.759,0.3,1.3,1.6,1.2,0.5,0.1,0.7,1,6.8,1255.878179
Jordan Clarkson,24,82,19,29.2,5.8,13.1,0.445,1.4,4.3,0.329,4.4,8.7,0.503,0.5,1.6,2,0.798,0.6,2.4,3,2.6,1.1,0.1,2,1.8,14.7,3400.367627
Norris Cole,28,13,0,9.6,1.2,4,0.308,0.2,1,0.231,1,3,0.333,0.337,0.6,0.8,0.8,0,0.8,0.8,1.1,0.6,0,0.5,1.4,3.3,1993.740078
Darren Collison,29,68,64,30.3,5,10.5,0.476,1.1,2.6,0.417,3.9,7.9,0.495,0.527,2.2,2.5,0.86,0.3,1.9,2.2,4.6,1,0.1,1.7,1.8,13.2,3162.27766
Nick Collison,36,20,0,6.4,0.7,1.2,0.609,0,0.1,0,0.7,1.1,0.636,0.609,0.3,0.4,0.625,0.5,1.1,1.6,0.6,0.1,0.1,0.2,0.9,1.7,1525.992136
Mike Conley,29,69,68,33.2,6.7,14.6,0.46,2.5,6.1,0.408,4.2,8.6,0.497,0.545,4.6,5.3,0.859,0.4,3,3.5,6.3,1.3,0.3,2.3,1.8,20.5,5341.405059
Pat Connaughton,24,39,1,8.1,0.9,1.8,0.514,0.4,0.8,0.515,0.5,1,0.513,0.632,0.2,0.2,0.778,0.3,1.1,1.3,0.7,0.2,0.1,0.4,0.6,2.5,1213.005359
Quinn Cook,23,14,0,13.4,2.4,4.7,0.5,0.8,1.9,0.423,1.6,2.9,0.55,0.583,0.1,0.4,0.4,0.1,0.4,0.5,1.9,0.3,0,0.9,0.9,5.6,250
DeMarcus Cousins,26,72,72,34.2,9,19.9,0.452,1.8,5,0.361,7.2,14.8,0.483,0.498,7.2,9.3,0.772,2.1,8.9,11,4.6,1.4,1.3,3.7,3.9,27,4250.158821
Robert Covington,26,67,67,31.6,4.4,10.9,0.399,2,6.1,0.333,2.3,4.8,0.484,0.492,2.1,2.6,0.822,1.4,5.1,6.5,1.5,1.9,1,2,3,12.9,4086.33124
Allen Crabbe,24,79,7,28.5,3.8,8.2,0.468,1.7,3.8,0.444,2.1,4.4,0.49,0.572,1.3,1.6,0.847,0.2,2.6,2.9,1.2,0.7,0.3,0.8,2.2,10.7,4396.873889
Jamal Crawford,36,82,1,26.3,4.4,10.6,0.413,1.4,3.9,0.36,3,6.7,0.443,0.479,2.1,2.5,0.857,0.2,1.4,1.6,2.6,0.7,0.2,1.6,1.4,12.3,2763.219318
Jordan Crawford,28,19,0,23.3,5.5,11.5,0.482,1.9,5,0.389,3.6,6.5,0.553,0.567,1.1,1.4,0.769,0.2,1.6,1.8,3,0.5,0.1,1.3,1.6,14.1,500
Jae Crowder,26,72,72,32.4,4.6,10,0.463,2.2,5.5,0.398,2.4,4.5,0.54,0.572,2.4,3,0.811,0.7,5.1,5.8,2.2,0.5,0.3,1.1,2.2,13.9,2606.936325
Dante Cunningham,29,66,35,25,2.6,5.4,0.485,1.1,2.7,0.392,1.6,2.7,0.579,0.584,0.2,0.4,0.593,0.8,3.3,4.2,0.6,0.5,0.4,0.4,1.5,6.6,1516.575089
Seth Curry,26,70,42,29,4.8,10,0.481,2,4.6,0.425,2.9,5.4,0.528,0.578,1.2,1.4,0.85,0.4,2.2,2.6,2.7,0.5,0.1,1.3,1.8,12.8,1740.232743
Stephen Curry,28,79,79,33.4,8.5,18.3,0.468,4.1,10,0.411,4.4,8.3,0.537,0.58,4.1,4.6,0.898,0.8,3.7,4.5,6.6,0.5,0.2,3,2.3,25.3,5889.189248
Troy Daniels,25,67,3,17.7,2.8,7.4,0.374,2.1,5.3,0.389,0.7,2.1,0.336,0.513,0.6,0.8,0.796,0.3,1.2,1.5,0.7,0.5,0.1,0.7,1.3,8.2,1846.217755
Deyonta Davis,20,36,0,6.6,0.7,1.3,0.511,0,0,0,0.7,1.3,0.511,0.511,0.3,0.5,0.556,0.6,1.1,1.7,0.1,0.5,0.5,0.2,1.1,1.6,1145.692367
Ed Davis,27,46,12,17.2,1.6,3.1,0.528,0,0,0,1.6,3.1,0.528,0.528,1.1,1.8,0.617,2.1,3.2,5.3,0.6,0.5,0.5,0.8,3,4.3,2520.422782
Dewayne Dedmon,27,76,37,17.5,2.1,3.4,0.622,0,0,0,2.1,3.4,0.622,0.622,0.9,1.2,0.699,1.7,4.8,6.5,0.6,0.5,0.8,0.8,2.4,5.1,2449.489743
Sam Dekker,22,77,2,18.4,2.6,5.6,0.473,0.8,2.4,0.321,1.9,3.1,0.591,0.543,0.5,0.9,0.559,1.2,2.5,3.7,1,0.5,0.3,0.5,1.1,6.5,1339.626814
Malcolm Delaney,27,73,2,17.1,2,5.3,0.374,0.4,1.5,0.236,1.6,3.8,0.428,0.407,1,1.3,0.806,0.1,1.5,1.7,2.6,0.5,0,1.3,1.5,5.4,1581.13883
Matthew Dellavedova,26,76,54,26.1,2.7,7,0.39,1,2.8,0.367,1.7,4.2,0.404,0.463,1.1,1.3,0.854,0.3,1.6,1.9,4.7,0.5,0,1.8,2,7.6,3099.596748
Luol Deng,31,56,49,26.5,2.9,7.6,0.387,0.9,2.9,0.309,2,4.6,0.436,0.447,0.8,1.1,0.73,1.1,4.1,5.3,1.3,0.5,0.4,0.8,1.1,7.6,4146.082488
Cheick Diallo,20,17,0,11.7,2.1,4.5,0.474,0,0,0,2.1,4.5,0.474,0.474,0.9,1.2,0.714,1.4,2.9,4.3,0.2,0.5,0.4,0.4,1,5.1,1145.692367
Boris Diaw,34,73,33,17.6,2,4.5,0.446,0.3,1.1,0.247,1.7,3.4,0.512,0.477,0.4,0.5,0.743,0.6,1.5,2.2,2.3,0.5,0.1,1.2,1.1,4.6,1993.740078
Gorgui Dieng,27,82,82,32.4,4,8.1,0.502,0.2,0.5,0.372,3.9,7.5,0.511,0.514,1.7,2,0.814,2.3,5.6,7.9,1.9,0.5,1.2,1.3,3.1,10,3756.642118
Spencer Dinwiddie,23,59,18,22.6,2.3,5.1,0.444,0.6,1.7,0.376,1.6,3.4,0.478,0.507,2.1,2.7,0.792,0.5,2.3,2.8,3.1,0.5,0.4,1.1,2,7.3,1234.627474
Toney Douglas,30,24,0,16.4,1.8,4.9,0.368,0.3,1.8,0.167,1.5,3.1,0.48,0.397,1,1.2,0.828,0.5,2,2.5,2.3,0.5,0.2,0.9,2.1,4.9,1993.740078
Goran Dragic,30,73,73,33.7,7.3,15.4,0.475,1.6,4,0.405,5.7,11.4,0.499,0.527,4.1,5.2,0.79,0.8,3,3.8,5.8,0.5,0.2,2.9,2.7,20.3,4123.160196
Andre Drummond,23,81,81,29.7,6,11.2,0.53,0,0.1,0.286,5.9,11.2,0.532,0.531,1.7,4.4,0.386,4.3,9.5,13.8,1.1,0.5,1.1,1.9,2.9,13.6,4876.013331
Jared Dudley,31,64,7,21.3,2.5,5.4,0.454,1.2,3.2,0.379,1.3,2.2,0.559,0.565,0.7,1,0.662,0.5,3,3.5,1.9,0.5,0.3,1.1,2.4,6.8,3162.27766
Mike Dunleavy,36,53,2,15.9,1.8,4.2,0.423,1,2.5,0.396,0.8,1.6,0.465,0.543,0.7,0.8,0.8,0.3,1.8,2.2,0.9,0.5,0.1,0.5,1.3,5.2,1289.379696
Kris Dunn,22,78,7,17.1,1.5,4,0.377,0.3,0.9,0.288,1.2,3.1,0.404,0.411,0.5,0.8,0.61,0.3,1.8,2.1,2.4,0.5,0.5,1.1,2.3,3.8,2011.656034
Kevin Durant,28,62,62,33.4,8.9,16.5,0.537,1.9,5,0.375,7,11.5,0.608,0.594,5.4,6.2,0.875,0.6,7.6,8.3,4.8,0.5,1.6,2.2,1.9,25.1,5000
Jarell Eddie,25,5,0,12.4,1.2,3.8,0.316,0.8,3.2,0.25,0.4,0.6,0.667,0.421,1.6,1.8,0.889,0.2,1.2,1.4,0,0.2,0,0.2,0.2,4.8,247.3068297
Henry Ellenson,20,19,2,7.7,1.2,3.4,0.359,0.5,1.8,0.286,0.7,1.5,0.448,0.438,0.2,0.4,0.5,0.4,1.7,2.2,0.4,0.1,0.1,0.7,0.3,3.2,1334.466185
Wayne Ellington,29,62,13,24.2,3.7,9,0.416,2.4,6.4,0.378,1.3,2.6,0.509,0.55,0.6,0.7,0.86,0.3,1.8,2.1,1.1,0.6,0.1,0.5,1.1,10.5,2503.996805
Monta Ellis,31,74,33,27,3.3,7.5,0.443,0.6,1.8,0.319,2.8,5.7,0.483,0.482,1.3,1.7,0.727,0.3,2.5,2.8,3.2,1.1,0.4,1.8,2,8.5,1498.465882
Joel Embiid,22,31,31,25.4,6.5,13.8,0.466,1.2,3.2,0.367,5.3,10.7,0.495,0.508,6.2,7.9,0.783,2,5.9,7.8,2.1,0.9,2.5,3.8,3.6,20.2,2469.871657
James Ennis,26,64,28,23.5,2.3,5,0.455,0.8,2.1,0.372,1.5,2.9,0.516,0.534,1.3,1.7,0.782,1.1,3,4,1,0.7,0.3,0.9,2.6,6.7,1740.232743
Tyler Ennis,22,53,2,11.1,1.7,3.9,0.433,0.5,1.3,0.386,1.2,2.6,0.457,0.498,0.4,0.5,0.84,0.2,0.7,0.8,1.6,0.5,0,0.8,1.1,4.3,1234.627474
Tyreke Evans,27,40,6,19.7,3.8,9.3,0.405,1.1,3,0.356,2.7,6.3,0.429,0.462,1.7,2.3,0.75,0.3,3.1,3.4,3.1,0.9,0.2,1.5,1.5,10.3,1813.835715
Dante Exum,21,66,26,18.6,2.3,5.5,0.427,0.7,2.3,0.295,1.7,3.2,0.519,0.488,0.9,1.1,0.795,0.5,1.5,2,1.7,0.3,0.2,1.2,2.2,6.2,2234.364563
Kenneth Faried,27,61,34,21.2,3.7,6.8,0.548,0,0.1,0,3.7,6.7,0.556,0.548,2.1,3.1,0.693,3,4.6,7.6,0.9,0.7,0.7,1,2,9.6,3594.627658
Jordan Farmar,30,2,0,17.5,2,6,0.333,2,4.5,0.444,0,1.5,0,0.5,0,0,0,0.5,1,1.5,4.5,1,0,1.5,0.5,6,714.787381
Derrick Favors,25,50,39,23.7,4.1,8.3,0.487,0.1,0.2,0.3,4,8.1,0.491,0.49,1.3,2.2,0.615,1.8,4.3,6.1,1.1,0.9,0.8,1.2,2.1,9.5,3464.101615
Kay Felder,21,42,0,9.2,1.5,3.8,0.392,0.2,0.5,0.318,1.3,3.2,0.404,0.415,0.8,1.2,0.714,0.1,0.9,1,1.4,0.4,0.2,0.7,0.9,4,1145.692367
Cristiano Felicio,24,66,0,15.8,1.9,3.3,0.579,0,0,0,1.9,3.3,0.579,0.579,0.9,1.4,0.645,1.9,2.8,4.7,0.6,0.4,0.3,0.5,1.7,4.8,2800.62493
Raymond Felton,32,80,11,21.3,2.8,6.4,0.43,0.6,1.8,0.319,2.2,4.6,0.473,0.475,0.6,0.8,0.781,0.4,2.3,2.7,2.4,0.8,0.3,1,1.6,6.7,1525.992136
Yogi Ferrell,23,46,29,26,3.5,8.6,0.406,1.5,3.8,0.386,2,4.7,0.422,0.492,1.6,1.9,0.831,0.4,2,2.4,3.7,0.9,0.2,1.5,2,10,1145.692367
Dorian Finney-Smith,23,81,35,20.3,1.5,4.1,0.372,0.7,2.4,0.293,0.8,1.8,0.479,0.456,0.6,0.8,0.754,0.7,2.1,2.7,0.8,0.6,0.3,0.6,1.5,4.3,1145.692367
Bryn Forbes,23,36,0,7.9,1,2.8,0.364,0.5,1.5,0.321,0.5,1.3,0.413,0.449,0.1,0.2,0.833,0.1,0.6,0.6,0.6,0,0,0.3,0.6,2.6,1145.692367
Evan Fournier,26,68,66,32.9,6,13.7,0.439,1.9,5.3,0.356,4.1,8.4,0.491,0.508,3.3,4.1,0.805,0.6,2.4,3.1,3,1,0.1,2.1,2.6,17.2,4123.105626
Randy Foye,26,69,40,18.6,1.7,4.7,0.363,1,2.9,0.33,0.7,1.8,0.418,0.466,0.8,0.9,0.857,0.1,2.1,2.2,2,0.5,0.1,1.2,1.4,5.2,1993.740078
Tim Frazier,26,65,35,23.5,2.5,6.2,0.403,0.6,2,0.313,1.9,4.2,0.446,0.453,1.5,2,0.76,0.5,2.1,2.7,5.2,0.9,0.1,1.6,2,7.1,1414.213562
Channing Frye,26,74,15,18.9,3.2,7,0.458,1.9,4.5,0.409,1.4,2.5,0.546,0.589,0.9,1,0.851,0.5,3.4,3.9,0.6,0.4,0.5,0.7,1.9,9.1,2724.135092
Danilo Gallinari,26,63,63,33.9,5.3,11.9,0.447,2,5.1,0.389,3.3,6.8,0.491,0.531,5.5,6.1,0.902,0.6,4.5,5.2,2.1,0.6,0.2,1.3,1.5,18.2,4534.269511
Langston Galloway,26,74,2,20.2,2.8,7.4,0.38,1.6,4.2,0.39,1.2,3.2,0.367,0.49,0.7,0.9,0.797,0.4,1.7,2.1,1.3,0.6,0.1,0.6,1.3,7.9,2581.988962
Patricio Garino,26,5,0,8.6,0,1.4,0,0,1,0,0,0.4,0,0,0,0,0,0.2,1.2,1.4,0,0,0,0.6,0.8,0,1993.740078
Marc Gasol,26,74,74,34.2,7.2,15.7,0.459,1.4,3.6,0.388,5.8,12.1,0.48,0.503,3.8,4.5,0.837,0.8,5.5,6.3,4.6,0.9,1.3,2.2,2.3,19.5,4758.39784
Pau Gasol,26,64,39,25.4,4.7,9.4,0.502,0.9,1.6,0.538,3.9,7.8,0.494,0.548,2,2.9,0.707,1.7,6.2,7.8,2.3,0.4,1.1,1.3,1.7,12.4,4000
Rudy Gay,26,30,30,33.8,6.7,14.7,0.455,1.4,3.8,0.372,5.3,11,0.483,0.502,3.9,4.6,0.855,1.2,5.2,6.3,2.8,1.5,0.9,2.5,2.6,18.7,2899.310263
Michael Gbinije,26,9,0,3.6,0.1,1.1,0.1,0,0.4,0,0.1,0.7,0.167,0.1,0.2,0.2,1,0.2,0.1,0.3,0.2,0,0,0,0.2,0.4,707.1067812
Alonzo Gee,26,13,0,6.8,0.2,1.1,0.214,0,0.2,0,0.2,0.8,0.273,0.214,0.4,0.7,0.556,0.3,0.8,1.2,0.5,0.4,0.1,0.3,1.1,0.8,1993.740078
Paul George,26,75,75,35.9,8.3,18,0.461,2.6,6.6,0.393,5.7,11.4,0.501,0.534,4.5,5,0.898,0.8,5.8,6.6,3.3,1.6,0.4,2.9,2.7,23.7,4416.89461
Marcus Georges-Hunt,26,5,0,9.6,0.4,1.4,0.286,0.2,0.4,0.5,0.2,1,0.2,0.357,1.8,2,0.9,0.2,1.6,1.8,0.6,0.2,0,0.4,1,2.8,1145.692367
Jonathan Gibson,26,17,0,13.6,2.1,5.6,0.368,0.9,2.6,0.333,1.2,2.9,0.4,0.447,1.2,1.7,0.724,0.1,1.2,1.3,1.5,0.5,0,1.2,1.2,6.2,1993.740078
Taj Gibson,26,78,71,25.5,4.7,9.1,0.515,0,0.2,0.231,4.6,8.9,0.52,0.517,1.4,2,0.715,2,4.2,6.2,0.9,0.5,0.8,1.3,2.1,10.8,3741.657387
Manu Ginobili,26,69,0,18.7,2.5,6.4,0.39,1.3,3.3,0.392,1.2,3.1,0.387,0.491,1.2,1.6,0.804,0.4,1.9,2.3,2.7,1.2,0.2,1.4,1.7,7.5,1581.13883
Rudy Gobert,26,81,81,33.9,5.1,7.7,0.661,0,0,0,5.1,7.7,0.662,0.661,3.8,5.9,0.653,3.9,8.9,12.8,1.2,0.6,2.6,1.8,3,14,4687.720128
Archie Goodwin,26,15,0,14.3,2.4,4.4,0.545,0.3,1,0.333,2.1,3.4,0.608,0.583,2.2,2.8,0.786,0.5,1.4,1.9,1.6,0.3,0.3,0.9,0.5,7.3,1993.740078
Aaron Gordon,26,80,72,28.7,4.9,10.8,0.454,1,3.3,0.288,4,7.5,0.528,0.499,2,2.7,0.719,1.5,3.6,5.1,1.9,0.8,0.5,1.1,2.2,12.7,2346.150038
Eric Gordon,26,75,15,31,5.5,13.5,0.406,3.3,8.8,0.372,2.2,4.7,0.468,0.527,2,2.3,0.84,0.4,2.3,2.7,2.5,0.6,0.5,1.6,2,16.2,3597.640894
Marcin Gortat,26,82,82,31.2,4.8,8.2,0.579,0,0,0,4.8,8.2,0.58,0.579,1.3,1.9,0.648,2.9,7.5,10.4,1.5,0.5,0.7,1.5,2.6,10.8,3575.277472
Treveon Graham,26,27,1,7,0.7,1.5,0.475,0.3,0.6,0.6,0.4,0.9,0.4,0.588,0.4,0.6,0.667,0.2,0.6,0.8,0.2,0.2,0,0.1,0.7,2.1,1145.692367
Jerami Grant,26,80,4,19.1,1.9,4.1,0.463,0.5,1.5,0.371,1.4,2.7,0.514,0.529,1.1,1.8,0.612,0.5,2.1,2.6,0.6,0.4,1,0.6,1.9,5.5,1234.627474
Jerian Grant,26,63,28,16.3,2,4.8,0.425,0.8,2.1,0.366,1.3,2.7,0.473,0.507,1,1.2,0.89,0.3,1.5,1.8,1.9,0.7,0.1,0.7,1.5,5.9,1309.13712
Danny Green,26,68,68,26.6,2.6,6.6,0.392,1.7,4.6,0.379,0.9,2,0.42,0.523,0.4,0.5,0.844,0.5,2.8,3.3,1.8,1,0.8,1.1,1.8,7.3,3162.27766
Draymond Green,26,76,76,32.5,3.6,8.6,0.418,1.1,3.5,0.308,2.5,5.1,0.494,0.481,2,2.8,0.709,1.3,6.6,7.9,7,2,1.4,2.4,2.9,10.2,4049.691346
Gerald Green,26,47,0,11.4,2,4.9,0.409,0.8,2.4,0.351,1.2,2.6,0.463,0.494,0.7,0.9,0.805,0.3,1.4,1.8,0.7,0.2,0.1,0.5,1,5.6,973.2666644
JaMychal Green,26,77,75,27.3,3.2,6.5,0.5,0.7,1.9,0.379,2.5,4.6,0.549,0.555,1.7,2.2,0.802,2.2,4.9,7.1,1.1,0.6,0.4,1.2,3.2,8.9,2921.186916
Jeff Green,26,69,11,22.2,3.2,8.1,0.394,0.8,2.8,0.275,2.4,5.3,0.458,0.442,2.1,2.4,0.863,0.6,2.5,3.1,1.2,0.5,0.2,1.1,1.5,9.2,1454.975945
Blake Griffin,26,61,61,34,7.9,15.9,0.493,0.6,1.9,0.336,7.2,14.1,0.514,0.513,5.2,6.9,0.76,1.8,6.3,8.1,4.9,0.9,0.4,2.3,2.6,21.6,5432.577657
Justin Hamilton,26,64,7,18.4,2.7,5.9,0.459,0.9,2.8,0.306,1.9,3.1,0.598,0.532,0.6,0.8,0.75,1.1,3,4.1,0.9,0.5,0.7,0.7,1.4,6.9,1000
A.J. Hammons,26,22,0,7.4,0.8,1.9,0.405,0.2,0.5,0.5,0.5,1.5,0.375,0.464,0.4,0.9,0.45,0.4,1.3,1.6,0.2,0,0.6,0.5,1,2.2,1145.692367
Tim Hardaway,26,79,30,27.3,5.3,11.5,0.455,1.9,5.3,0.357,3.4,6.3,0.537,0.537,2.1,2.7,0.766,0.4,2.4,2.8,2.3,0.7,0.2,1.3,1.3,14.5,4062.019202
Maurice Harkless,26,77,69,28.9,4.1,8.1,0.503,0.9,2.5,0.351,3.2,5.6,0.572,0.558,1,1.6,0.621,1.6,2.8,4.4,1.1,1.1,0.9,1.1,2.8,10,3187.933814
Justin Harper,26,3,0,10.3,1.7,4,0.417,0.7,2.3,0.286,1,1.7,0.6,0.5,0,0,0,0.7,1,1.7,0.7,0,0,1.3,0.7,4,1993.740078
Montrezl Harrell,26,58,14,18.3,3.9,5.9,0.652,0,0.1,0.143,3.9,5.8,0.663,0.654,1.3,2.1,0.628,1.4,2.4,3.8,1.1,0.3,0.7,0.8,2.2,9.1,1213.005359
Devin Harris,33,65,0,16.7,2.1,5.2,0.399,0.9,2.7,0.328,1.2,2.5,0.476,0.484,1.6,2,0.829,0.2,1.8,2,2.1,0.7,0.1,0.9,1.6,6.7,2098.224488
Gary Harris,22,57,56,31.3,5.6,11.2,0.502,1.9,4.5,0.42,3.7,6.7,0.558,0.586,1.8,2.4,0.776,0.8,2.3,3.1,2.9,1.2,0.1,1.3,1.6,14.9,1596.889163
Joe Harris,25,52,11,21.9,3,7,0.425,1.6,4.3,0.385,1.3,2.7,0.489,0.543,0.7,0.9,0.714,0.3,2.5,2.8,1,0.6,0.2,1.1,2.3,8.2,1234.627474
Manny Harris,27,4,0,6.3,0.8,3.8,0.2,0,0.5,0,0.8,3.3,0.231,0.2,0.5,1,0.5,0.8,1.5,2.3,0.5,0,0,0.5,0.3,2,1993.740078
Tobias Harris,24,82,48,31.3,6.2,13,0.481,1.3,3.8,0.347,4.9,9.1,0.537,0.532,2.3,2.8,0.841,0.8,4.3,5.1,1.7,0.7,0.5,1.2,1.6,16.1,4000
Aaron Harrison,22,5,0,3.4,0,0.8,0,0,0.4,0,0,0.4,0,0,0.2,0.4,0.5,0,0.6,0.6,0.6,0,0,0,0.4,0.2,288.3210017
Andrew Harrison,22,72,18,20.5,1.6,5,0.325,0.6,2.2,0.276,1,2.8,0.363,0.385,2.1,2.7,0.763,0.3,1.6,1.9,2.8,0.7,0.3,1.2,2.7,5.9,1145.692367
Udonis Haslem,36,16,0,8.1,0.7,1.4,0.478,0,0.2,0,0.7,1.3,0.55,0.478,0.6,0.9,0.6,0.5,1.8,2.3,0.4,0.4,0.1,0.5,1.4,1.9,1525.992136
Spencer Hawes,28,54,1,14.8,2.5,5.1,0.484,0.5,1.5,0.309,2,3.6,0.556,0.529,0.8,1,0.846,0.7,2.8,3.5,1.5,0.3,0.6,0.9,1.4,6.2,2453.808265
Gordon Hayward,26,73,73,34.5,7.5,15.8,0.471,2,5.1,0.398,5.4,10.7,0.506,0.536,5,5.9,0.844,0.7,4.7,5.4,3.5,1,0.3,1.9,1.6,21.9,5452.329777
Gerald Henderson,29,72,41,23.2,3.3,7.7,0.423,0.8,2.4,0.353,2.4,5.3,0.455,0.478,1.8,2.3,0.806,0.5,2.1,2.6,1.6,0.6,0.2,0.9,1.8,9.2,1000
John Henson,26,58,39,19.4,2.7,5.3,0.515,0,0,0,2.7,5.3,0.516,0.515,1.3,1.8,0.692,1.6,3.5,5.1,1,0.5,1.3,0.9,2.6,6.8,3379.724249
Juan Hernangomez,21,62,9,13.6,1.6,3.6,0.451,0.7,1.8,0.407,0.9,1.8,0.495,0.554,0.9,1.2,0.75,0.7,2.3,3,0.5,0.5,0.2,0.5,1,4.9,1441.124561
Willy Hernangomez,22,72,22,18.4,3.4,6.5,0.529,0.1,0.2,0.267,3.4,6.3,0.538,0.533,1.3,1.7,0.728,2.4,4.6,7,1.3,0.6,0.5,1.4,2.1,8.2,1198.227858
Mario Hezonja,21,65,2,14.8,1.8,5.1,0.355,0.7,2.2,0.299,1.1,2.9,0.398,0.42,0.6,0.8,0.8,0.3,1.9,2.2,1,0.5,0.2,0.9,1.1,4.9,2019.485083
Roy Hibbert,30,48,13,14.2,1.7,3.1,0.544,0,0,0,1.7,3.1,0.544,0.544,1.3,1.6,0.813,1.1,2,3.2,0.4,0.2,1,0.7,2.1,4.6,1993.740078
Buddy Hield,23,82,55,23,4,9.4,0.426,1.8,4.6,0.391,2.2,4.7,0.461,0.523,0.8,0.9,0.842,0.4,2.9,3.3,1.5,0.5,0.1,1.2,1.4,10.6,1917.154141
Nene Hilario,34,67,8,17.9,3.7,5.9,0.617,0,0.1,0.333,3.6,5.8,0.624,0.621,1.7,2.9,0.589,1.4,2.8,4.2,1,0.8,0.6,1.1,2.4,9.1,1864.832432
George Hill,30,49,49,31.5,5.9,12.4,0.477,1.9,4.8,0.403,4,7.6,0.523,0.554,3.2,4,0.801,0.5,2.9,3.4,4.2,1,0.2,1.7,2.3,16.9,4472.135955
Jordan Hill,29,7,0,6.7,0.7,1.9,0.385,0,0,0,0.7,1.9,0.385,0.385,0.3,0.3,1,1.1,0.9,2,0,0.1,0,0.6,1.3,1.7,1993.740078
Solomon Hill,25,80,71,29.7,2.3,6,0.383,1.2,3.4,0.348,1.1,2.6,0.428,0.481,1.3,1.6,0.805,0.6,3.2,3.8,1.8,0.9,0.4,1,2.3,7,3498.0759
Darrun Hilliard,23,39,1,9.8,1.2,3.2,0.373,0.3,1.2,0.261,0.9,2.1,0.438,0.421,0.5,0.7,0.75,0.1,0.8,0.8,0.8,0.3,0.1,0.7,1,3.3,1993.740078
Jrue Holiday,26,67,61,32.7,6,13.3,0.454,1.5,4.2,0.356,4.6,9.1,0.498,0.51,1.8,2.5,0.708,0.7,3.3,3.9,7.3,1.5,0.7,2.9,2,15.4,5068.201653
Justin Holiday,27,82,4,20,2.8,6.6,0.433,1.2,3.3,0.355,1.7,3.2,0.513,0.523,0.8,1,0.825,0.3,2.4,2.7,1.2,0.8,0.4,0.8,1.3,7.7,2148.344712
Rondae Hollis-Jefferson,22,78,50,22.6,3,6.9,0.434,0.2,0.9,0.224,2.8,6.1,0.463,0.447,2.4,3.2,0.751,1.2,4.6,5.8,2,1.1,0.6,1.5,2.3,8.7,1213.005359
Richaun Holmes,23,57,17,20.9,4,7.2,0.558,0.5,1.4,0.351,3.6,5.9,0.606,0.591,1.3,1.8,0.699,1.6,3.8,5.5,1,0.7,1,1,2.4,9.8,1213.005359
Rodney Hood,24,59,55,27,4.6,11.3,0.408,1.9,5.2,0.371,2.7,6.1,0.44,0.494,1.5,1.9,0.783,0.3,3.2,3.4,1.6,0.6,0.2,1.1,2.2,12.7,1544.947896
Al Horford,30,68,68,32.3,5.6,11.8,0.473,1.3,3.6,0.355,4.3,8.2,0.524,0.527,1.6,2,0.8,1.4,5.4,6.8,5,0.8,1.3,1.7,2,14,5266.346362
Danuel House,23,1,0,1,0,0,0,0,0,0,0,0,0,0,0,0,0,0,1,1,0,0,0,0,0,0,1993.740078
Dwight Howard,31,74,74,29.7,5.2,8.3,0.633,0,0,0,5.2,8.3,0.635,0.633,3.1,5.7,0.533,4,8.7,12.7,1.4,0.9,1.2,2.3,2.7,13.5,4847.679857
Marcelo Huertas,33,23,1,10.3,1.1,3,0.368,0.2,0.8,0.211,0.9,2.1,0.429,0.397,0.4,0.7,0.529,0.1,1,1,2.3,0.4,0.1,0.8,0.7,2.7,1993.740078
Josh Huestis,25,2,0,15.5,3,5.5,0.545,1,2,0.5,2,3.5,0.571,0.636,0,0.5,0,2,2.5,4.5,1.5,0,1.5,0,0,7,1213.005359
Kris Humphries,31,56,4,12.3,1.6,3.8,0.407,0.3,1,0.352,1.2,2.9,0.425,0.451,1.1,1.5,0.78,1.1,2.6,3.7,0.5,0.3,0.4,0.5,1.2,4.6,1993.740078
R.J. Hunter,23,3,0,3,0,0.3,0,0,0.3,0,0,0,0,0,0,0,0,0,0.3,0.3,0,0,0,0,0,0,1993.740078
Serge Ibaka,27,79,79,30.7,6,12.4,0.48,1.6,4,0.391,4.4,8.4,0.522,0.543,1.4,1.6,0.856,1.6,5.2,6.8,0.9,0.5,1.6,1.3,2.7,14.8,4479.032038
Andre Iguodala,33,76,0,26.3,2.9,5.5,0.528,0.8,2.3,0.362,2,3.1,0.651,0.605,0.9,1.3,0.706,0.7,3.3,4,3.4,1,0.5,0.8,1.3,7.6,3849.001819
Ersan Ilyasova,29,82,52,26.1,4.7,10.9,0.431,1.7,4.9,0.353,3,6,0.496,0.511,2,2.5,0.778,1.4,4.5,5.9,1.7,0.7,0.3,1.4,2.6,13.1,1803.098444
Joe Ingles,29,82,26,24,2.5,5.5,0.452,1.5,3.4,0.441,1,2.1,0.471,0.589,0.6,0.8,0.735,0.3,2.9,3.2,2.7,1.2,0.1,1.3,2,7.1,3759.835635
Brandon Ingram,19,79,40,28.8,3.5,8.7,0.402,0.7,2.4,0.294,2.8,6.3,0.443,0.442,1.7,2.7,0.621,0.8,3.2,4,2.1,0.6,0.5,1.5,2,9.4,2349.340333
Kyrie Irving,24,72,72,35.1,9.3,19.7,0.473,2.5,6.1,0.401,6.9,13.6,0.505,0.535,4.1,4.6,0.905,0.7,2.5,3.2,5.8,1.2,0.3,2.5,2.2,25.2,4343.802942
Jarrett Jack,33,2,0,16.5,1,1.5,0.667,0,0.5,0,1,1,1,0.667,1,1,1,0,0,0,2.5,1,0,1.5,2,3,1525.992136
Demetrius Jackson,22,5,0,3.4,0.6,0.8,0.75,0.2,0.2,1,0.4,0.6,0.667,0.875,0.6,1.2,0.5,0.4,0.4,0.8,0.6,0,0,0,0,2,268.9591047
Pierre Jackson,25,8,1,10.5,1.6,4.9,0.333,0.4,1.4,0.273,1.3,3.5,0.357,0.372,0.8,0.9,0.857,0.1,1,1.1,2.4,0.3,0,0.4,0.6,4.4,1993.740078
Reggie Jackson,26,52,50,27.4,5.5,13,0.419,1.3,3.5,0.359,4.2,9.5,0.442,0.468,2.3,2.6,0.868,0.4,1.8,2.2,5.2,0.7,0.1,2.2,2.5,14.5,4000
LeBron James,32,74,74,37.8,9.9,18.2,0.548,1.7,4.6,0.363,8.3,13.5,0.611,0.594,4.8,7.2,0.674,1.3,7.3,8.6,8.7,1.2,0.6,4.1,1.8,26.4,5769.376743
Al Jefferson,32,66,1,14.1,3.6,7.1,0.499,0,0,0,3.6,7.1,0.5,0.499,1,1.3,0.765,1.1,3.1,4.2,0.9,0.3,0.2,0.5,1.9,8.1,3125.671288
Richard Jefferson,36,79,13,20.4,1.9,4.3,0.446,0.8,2.4,0.333,1.2,2,0.58,0.536,1,1.4,0.741,0.4,2.2,2.6,1,0.3,0.1,0.7,1.9,5.7,1553.810156
John Jenkins,25,4,0,3.3,0.5,1.3,0.4,0.3,0.5,0.5,0.3,0.8,0.333,0.5,0.5,0.5,1,0,0.3,0.3,0.3,0,0,0,0,1.8,1993.740078
Brandon Jennings,27,81,13,22.2,2.4,6.6,0.359,1,3.1,0.313,1.4,3.5,0.399,0.433,1.4,1.9,0.75,0.4,2.1,2.4,4.9,0.9,0,1.6,1.4,7.1,487.8729343
Jonas Jerebko,29,78,6,15.8,1.5,3.4,0.435,0.6,1.7,0.346,0.9,1.7,0.523,0.521,0.3,0.5,0.703,0.8,2.7,3.5,0.9,0.3,0.2,0.5,1.6,3.8,2000
Amir Johnson,29,80,77,20.1,2.7,4.6,0.576,0.3,0.8,0.409,2.3,3.8,0.612,0.612,0.8,1.3,0.67,1.5,3.1,4.6,1.8,0.6,0.8,1,2.6,6.5,3316.62479
Brice Johnson,22,3,0,3,0.7,2.3,0.286,0,0,0,0.7,2.3,0.286,0.286,0,0,0,0.3,0.7,1,0.3,0.7,0.3,0.3,0,1.3,1153.759074
James Johnson,29,76,5,27.4,4.8,10.1,0.479,1.1,3.4,0.34,3.7,6.8,0.548,0.535,2,2.8,0.707,0.9,4.1,4.9,3.6,1,1.1,2.3,2.6,12.8,3735.505321
Joe Johnson,35,78,14,23.6,3.5,8,0.436,1.4,3.3,0.411,2.1,4.7,0.454,0.521,0.8,1,0.818,0.4,2.7,3.1,1.8,0.5,0.2,0.9,1.2,9.2,2264.387886
Stanley Johnson,20,77,1,17.8,1.7,4.7,0.353,0.6,2,0.292,1.1,2.7,0.398,0.415,0.5,0.7,0.679,0.5,2,2.5,1.4,0.7,0.3,0.9,1.6,4.4,1760.056817
Tyler Johnson,24,73,0,29.8,4.9,11.3,0.433,1.3,3.4,0.372,3.6,7.9,0.46,0.49,2.7,3.5,0.768,0.7,3.3,4,3.2,1.2,0.6,1.2,2.4,13.7,2425.130924
Wesley Johnson,29,68,3,11.9,1.1,2.9,0.365,0.4,1.7,0.246,0.6,1.2,0.537,0.438,0.2,0.3,0.647,0.4,2.3,2.7,0.3,0.4,0.4,0.3,1.2,2.7,2425.130924
Nikola Jokic,21,73,59,27.9,6.8,11.7,0.578,0.6,1.9,0.324,6.2,9.8,0.628,0.605,2.6,3.1,0.825,2.9,6.9,9.8,4.9,0.8,0.8,2.3,2.9,16.7,1213.005359
Dahntay Jones,36,1,0,12,3,8,0.375,0,2,0,3,6,0.5,0.375,3,4,0.75,1,1,2,1,0,0,1,1,9,1993.740078
Damian Jones,21,10,0,8.5,0.8,1.6,0.5,0,0,0,0.8,1.6,0.5,0.5,0.3,1,0.3,0.9,1.4,2.3,0,0.1,0.4,0.6,1.5,1.9,1145.692367
Derrick Jones,19,32,8,17,2.1,3.8,0.562,0.1,0.3,0.273,2,3.4,0.591,0.574,0.9,1.3,0.707,1.2,1.3,2.5,0.4,0.4,0.4,0.4,2,5.3,1145.692367
James Jones,36,48,2,7.9,0.9,1.9,0.478,0.6,1.4,0.47,0.3,0.5,0.5,0.647,0.3,0.4,0.65,0.1,0.7,0.8,0.3,0.1,0.2,0.2,0.8,2.8,1993.740078
Terrence Jones,25,54,12,23.5,4.3,9.1,0.47,0.4,1.4,0.253,3.9,7.7,0.508,0.489,1.9,3.1,0.606,1.2,4.5,5.7,1.1,0.7,1,0.9,1.2,10.8,1993.740078
Tyus Jones,20,60,0,12.9,1.3,3,0.414,0.4,1.2,0.356,0.8,1.8,0.454,0.486,0.6,0.7,0.767,0.2,1,1.1,2.6,0.8,0.1,0.6,0.8,3.5,1213.005359
DeAndre Jordan,28,81,81,31.7,5.1,7.1,0.714,0,0,0,5.1,7.1,0.717,0.714,2.5,5.2,0.482,3.7,10.1,13.8,1.2,0.6,1.7,1.4,2.6,12.7,4758.39784
Cory Joseph,25,80,22,25,3.7,8.3,0.452,0.6,1.7,0.356,3.1,6.6,0.477,0.489,1.2,1.5,0.77,0.6,2.3,2.9,3.3,0.8,0.2,1.4,1.8,9.3,2762.245463
Frank Kaminsky,23,75,16,26.1,4.3,10.7,0.399,1.5,4.7,0.328,2.7,6,0.455,0.471,1.6,2.1,0.756,0.8,3.7,4.5,2.2,0.6,0.5,1,1.9,11.7,1687.483333
Enes Kanter,24,72,0,21.3,5.6,10.2,0.545,0.1,0.5,0.132,5.5,9.7,0.568,0.549,3.1,4,0.786,2.7,4,6.7,0.9,0.4,0.5,1.7,2.1,14.3,4535.063616
Ryan Kelly,25,16,0,6.9,0.5,1.8,0.286,0.3,0.6,0.4,0.3,1.1,0.222,0.357,0.3,0.4,0.833,0.1,1.1,1.1,0.5,0.3,0.3,0.3,0.3,1.6,1993.740078
Michael Kidd-Gilchrist,23,81,81,29,3.6,7.6,0.477,0,0.1,0.111,3.6,7.5,0.483,0.478,1.9,2.4,0.784,1.9,5,7,1.4,1,1,0.7,2.3,9.2,3605.551275
Sean Kilpatrick,27,70,24,25.1,4.4,10.5,0.415,1.5,4.4,0.341,2.9,6.1,0.468,0.486,2.9,3.5,0.843,0.3,3.7,4,2.2,0.6,0.1,1.9,1.7,13.1,910.3603682
Brandon Knight,25,54,5,21.1,3.9,9.7,0.398,0.8,2.6,0.324,3,7.1,0.425,0.441,2.4,2.9,0.857,0.5,1.7,2.2,2.4,0.5,0.1,1.6,1.6,11,3690.359061
Kyle Korver,35,67,22,26.2,3.6,7.7,0.464,2.4,5.4,0.451,1.1,2.3,0.494,0.621,0.6,0.6,0.905,0.1,2.7,2.8,1.6,0.5,0.3,1,1.6,10.1,2645.751311
Kosta Koufos,27,71,62,20,3,5.5,0.551,0,0,0,3,5.5,0.552,0.551,0.5,0.9,0.613,1.7,4,5.7,0.7,0.5,0.7,0.9,2.4,6.6,2897.067483
Mindaugas Kuzminskas,27,68,5,14.9,2.3,5.4,0.428,0.8,2.5,0.321,1.5,3,0.517,0.501,0.8,1,0.809,0.7,1.2,1.9,1,0.4,0.2,0.8,1.2,6.3,1739.262775
Skal Labissiere,20,33,12,18.5,3.5,6.6,0.537,0.1,0.2,0.375,3.5,6.4,0.543,0.544,1.6,2.2,0.703,1.5,3.4,4.9,0.8,0.5,0.4,1.1,1.9,8.8,1145.692367
Jeremy Lamb,24,62,5,18.4,3.6,7.9,0.46,0.7,2.4,0.281,3,5.6,0.536,0.502,1.8,2.1,0.853,0.5,3.8,4.3,1.2,0.4,0.4,0.6,1.6,9.7,2645.751311
Nicolas Laprovittola,27,18,3,9.7,1.1,2.6,0.426,0.6,1.5,0.37,0.6,1.1,0.5,0.532,0.5,0.5,1,0.1,0.5,0.6,1.6,0.2,0.1,1.1,1.1,3.3,1993.740078
Joffrey Lauvergne,25,70,1,14,2.1,4.8,0.44,0.5,1.4,0.337,1.6,3.4,0.483,0.49,0.7,1,0.63,1,2.6,3.6,1,0.4,0.1,0.8,1.2,5.4,1234.627474
Zach LaVine,21,47,47,37.2,6.9,15.1,0.459,2.6,6.6,0.387,4.4,8.5,0.515,0.544,2.5,3,0.836,0.4,3,3.4,3,0.9,0.2,1.8,2.2,18.9,1789.473945
Ty Lawson,29,69,24,25.1,3.4,7.6,0.454,0.5,1.7,0.288,2.9,5.9,0.502,0.487,2.5,3.1,0.797,0.6,2,2.6,4.8,1.1,0.1,1.9,1.7,9.9,1993.740078
Jake Layman,22,35,1,7.1,0.7,2.5,0.292,0.4,1.5,0.255,0.4,1.1,0.342,0.365,0.4,0.5,0.765,0.2,0.5,0.7,0.3,0.3,0.1,0.3,0.6,2.2,1145.692367
Courtney Lee,31,77,74,31.9,4.2,9.1,0.456,1.4,3.5,0.401,2.8,5.6,0.49,0.533,1.1,1.3,0.867,0.7,2.7,3.4,2.3,1.1,0.3,0.9,1.8,10.8,3427.519511
David Lee,33,79,10,18.7,3.1,5.3,0.59,0,0,0,3.1,5.3,0.59,0.59,1,1.4,0.708,1.9,3.7,5.6,1.6,0.4,0.5,1,1.6,7.3,1993.740078
Alex Len,23,77,34,20.3,3,6,0.497,0,0.2,0.25,2.9,5.9,0.503,0.5,1.9,2.7,0.721,2,4.6,6.6,0.6,0.5,1.3,1.3,3.1,8,2046.362382
Kawhi Leonard,25,74,74,33.4,8.6,17.7,0.485,2,5.2,0.38,6.6,12.5,0.529,0.541,6.3,7.2,0.88,1.1,4.7,5.8,3.5,1.8,0.7,2.1,1.6,25.5,4343.802942
Meyers Leonard,24,74,12,16.5,2,5.1,0.386,1,2.9,0.347,1,2.2,0.436,0.484,0.5,0.5,0.875,0.4,2.8,3.2,1,0.2,0.4,0.5,2.3,5.4,3147.140766
Jon Leuer,27,75,34,25.9,4.1,8.6,0.48,0.7,2.2,0.293,3.5,6.4,0.545,0.518,1.3,1.5,0.867,1.4,4,5.4,1.5,0.4,0.3,0.9,1.9,10.2,3239.956636
Caris LeVert,22,57,26,21.7,3,6.7,0.45,1,3.2,0.321,2,3.4,0.571,0.528,1.2,1.6,0.72,0.4,2.9,3.3,1.9,0.9,0.1,1,1.6,8.2,1277.685407
DeAndre Liggins,28,62,19,12.5,0.9,2.3,0.387,0.3,0.7,0.37,0.6,1.5,0.396,0.447,0.4,0.6,0.625,0.3,1.4,1.7,0.9,0.8,0.2,0.7,1.3,2.5,769.4675432
Damian Lillard,26,75,75,35.9,8.8,19.8,0.444,2.9,7.7,0.37,6,12.1,0.492,0.516,6.5,7.3,0.895,0.6,4.3,4.9,5.9,0.9,0.3,2.6,2,27,5114.005866
Jeremy Lin,28,36,33,24.5,4.9,11.1,0.438,1.6,4.3,0.372,3.3,6.8,0.48,0.51,3.2,3.9,0.816,0.3,3.4,3.8,5.1,1.2,0.4,2.4,2.2,14.5,3464.101615
Shaun Livingston,31,76,3,17.7,2.3,4.2,0.547,0,0,0.333,2.3,4.1,0.55,0.549,0.6,0.8,0.7,0.4,1.6,2,1.8,0.5,0.3,0.8,1.6,5.1,2773.501037
Shawn Long,24,18,0,13,3.4,6.1,0.56,0.4,1.1,0.368,3,5,0.6,0.592,1.1,1.9,0.543,2.3,2.4,4.7,0.7,0.5,0.5,0.7,2.7,8.2,1993.740078
Kevon Looney,20,53,4,8.4,1.1,2,0.523,0,0.2,0.222,1,1.8,0.551,0.533,0.4,0.6,0.618,0.8,1.5,2.3,0.5,0.3,0.3,0.3,1.2,2.5,1213.005359
Brook Lopez,28,75,75,29.6,7.4,15.6,0.474,1.8,5.2,0.346,5.6,10.5,0.536,0.531,3.9,4.9,0.81,1.6,3.8,5.4,2.3,0.5,1.7,2.5,2.6,20.5,4758.39784
Robin Lopez,28,81,81,28,4.7,9.6,0.493,0,0,0,4.7,9.5,0.494,0.493,0.9,1.3,0.721,3,3.4,6.4,1,0.2,1.4,1.1,1.9,10.4,3713.286954
Kevin Love,28,60,60,31.4,6.2,14.5,0.427,2.4,6.5,0.373,3.8,8,0.471,0.51,4.3,4.9,0.871,2.5,8.6,11.1,1.9,0.9,0.4,2,2.1,19,4758.39784
Kyle Lowry,30,60,60,37.4,7.1,15.3,0.464,3.2,7.8,0.412,3.9,7.5,0.518,0.569,5,6.1,0.819,0.8,4,4.8,7,1.5,0.3,2.9,2.8,22.4,5357.583784
John Lucas III,34,5,0,2.2,0.2,0.8,0.25,0,0.2,0,0.2,0.6,0.333,0.25,0,0,0,0,0,0,0.2,0.4,0,0,0,0.4,1993.740078
Timothe Luwawu-Cabarrot,21,69,19,17.2,2.1,5.2,0.402,0.7,2.3,0.311,1.4,2.9,0.475,0.471,1.5,1.8,0.854,0.4,1.8,2.2,1.1,0.5,0.1,1.1,2.2,6.4,1177.539808
Trey Lyles,21,71,4,16.3,2.2,6.2,0.362,0.9,2.9,0.319,1.3,3.3,0.4,0.436,0.8,1.1,0.722,0.7,2.6,3.3,1,0.4,0.3,0.9,1.4,6.2,1562.498
Sheldon Mac,24,30,3,9.6,1,2.5,0.4,0.2,1,0.233,0.8,1.5,0.511,0.447,0.8,0.9,0.852,0.1,1,1.1,0.5,0.3,0.1,0.2,0.6,3,1145.692367
Shelvin Mack,26,55,9,21.9,3.1,6.9,0.446,0.7,2.2,0.308,2.4,4.7,0.51,0.495,1,1.4,0.688,0.4,1.9,2.3,2.8,0.8,0.1,1.6,1.8,7.8,2449.489743
Ian Mahinmi,30,31,0,17.9,2.1,3.6,0.586,0,0,0,2.1,3.6,0.586,0.586,1.4,2.4,0.573,1.5,3.3,4.8,0.6,1.1,0.8,1.1,2.9,5.6,4081.867342
Thon Maker,19,57,34,9.9,1.5,3.2,0.459,0.5,1.3,0.378,1,1.9,0.514,0.536,0.6,0.9,0.653,0.7,1.3,2,0.4,0.2,0.5,0.3,1.5,4,1638.340624
Boban Marjanovic,28,35,0,8.4,2.1,3.8,0.545,0,0,0,2.1,3.8,0.545,0.545,1.3,1.7,0.81,1.3,2.4,3.7,0.3,0.2,0.3,0.3,0.7,5.5,2645.751311
Jarell Martin,22,42,3,13.3,1.4,3.6,0.384,0.2,0.6,0.36,1.2,3,0.389,0.414,1,1.2,0.8,1,2.9,3.9,0.2,0.4,0.2,0.7,2.2,3.9,1213.005359
Wesley Matthews,30,73,73,34.2,4.6,11.6,0.393,2.4,6.6,0.363,2.2,5,0.432,0.496,2,2.5,0.816,0.2,3.3,3.5,2.9,1.1,0.2,1.4,2.2,13.5,4228.968669
Luc Mbah a Moute,30,80,76,22.3,2.4,4.7,0.505,0.5,1.4,0.391,1.9,3.4,0.552,0.562,0.7,1.1,0.678,0.6,1.6,2.1,0.5,1,0.4,0.6,1.5,6.1,1454.975945
James Michael McAdoo,24,52,2,8.8,1.2,2.3,0.53,0,0.2,0.25,1.2,2.1,0.55,0.538,0.4,0.8,0.5,0.7,1.1,1.8,0.3,0.3,0.6,0.4,0.9,2.8,223.6067977
Patrick McCaw,21,71,20,15.1,1.5,3.5,0.433,0.6,1.7,0.333,0.9,1.7,0.533,0.516,0.4,0.5,0.784,0.3,1.1,1.4,1.1,0.5,0.2,0.5,0.9,4,1145.692367
C.J. McCollum,25,80,80,35,8.7,18,0.48,2.3,5.5,0.421,6.3,12.5,0.506,0.544,3.4,3.7,0.912,0.8,2.9,3.6,3.6,0.9,0.5,2.2,2.5,23,4895.158016
T.J. McConnell,24,81,51,26.3,2.9,6.3,0.461,0.1,0.7,0.2,2.8,5.6,0.492,0.472,0.9,1.1,0.811,0.5,2.6,3.1,6.6,1.7,0.1,2,1.7,6.9,1213.005359
Chris McCullough,21,16,0,5,1,2,0.5,0.1,0.4,0.143,0.9,1.6,0.6,0.516,0.2,0.3,0.6,0.6,0.6,1.2,0.1,0.1,0.1,0.2,0.4,2.3,1213.005359
K.J. McDaniels,23,49,0,10.3,1.6,3.4,0.456,0.4,1.3,0.303,1.2,2.1,0.553,0.515,0.7,0.8,0.842,0.3,1.4,1.7,0.3,0.4,0.4,0.6,1,4.2,316.227766
Doug McDermott,25,66,5,22.8,3.4,7.5,0.447,1.2,3.2,0.37,2.2,4.4,0.502,0.524,1.1,1.3,0.845,0.3,2.4,2.7,0.9,0.2,0.1,0.6,1.2,9,1815.211833
JaVale McGee,29,77,10,9.6,2.7,4.1,0.652,0,0,0,2.7,4.1,0.658,0.652,0.7,1.4,0.505,1.3,1.9,3.2,0.2,0.2,0.9,0.5,1.4,6.1,1454.975945
Rodney McGruder,25,78,65,25.2,2.4,5.9,0.413,0.9,2.8,0.332,1.5,3.1,0.488,0.492,0.6,0.9,0.62,1.2,2.1,3.3,1.6,0.6,0.2,0.7,1.8,6.4,1145.692367
Ben McLemore,23,61,26,19.3,3,6.9,0.43,1.1,2.8,0.382,1.9,4.1,0.462,0.507,1.1,1.5,0.753,0.3,1.8,2.1,0.8,0.5,0.1,1,1.8,8.1,2280.35085
Jordan McRae,25,37,4,10.4,1.6,4.1,0.387,0.5,1.4,0.353,1.1,2.7,0.404,0.447,0.7,0.9,0.794,0.2,0.9,1.1,0.5,0.2,0.2,0.4,0.8,4.4,1993.740078
Josh McRoberts,29,22,14,17.3,2,5.4,0.373,0.6,1.4,0.419,1.4,4,0.356,0.428,0.3,0.4,0.667,1,2.3,3.4,2.3,0.5,0.2,1,1.4,4.9,2453.808265
Jodie Meeks,29,36,10,20.5,2.9,7.1,0.402,1.6,3.8,0.409,1.3,3.3,0.395,0.512,1.8,2.1,0.878,0.1,2,2.1,1.3,0.9,0.1,1,1.1,9.1,1813.835715
Salah Mejri,30,73,11,12.4,1.2,1.9,0.642,0,0,0.333,1.2,1.8,0.649,0.646,0.5,0.8,0.59,1.3,2.9,4.2,0.2,0.4,0.8,0.5,2.1,2.9,1213.005359
Jordan Mickey,22,25,1,5.6,0.6,1.4,0.441,0,0,0,0.6,1.3,0.455,0.441,0.3,0.6,0.571,0.5,0.8,1.4,0.3,0.1,0.2,0.4,0.5,1.5,1213.005359
Khris Middleton,25,29,23,30.7,5.2,11.5,0.45,1.6,3.6,0.433,3.6,7.9,0.459,0.518,2.8,3.2,0.88,0.4,3.9,4.2,3.4,1.4,0.2,2.2,2.7,14.7,3754.996671
C.J. Miles,29,76,29,23.4,3.7,8.5,0.434,2.2,5.4,0.413,1.5,3.1,0.471,0.565,1.1,1.2,0.903,0.4,2.6,3,0.6,0.6,0.3,0.5,2,10.7,2817.181038
Mike Miller,36,20,0,7.6,0.5,1.2,0.391,0.4,1,0.4,0.1,0.2,0.333,0.565,0.1,0.1,1,0.1,1.8,1.9,1.1,0.1,0,0.7,0.5,1.4,1993.740078
Patty Mills,28,80,8,21.9,3.4,7.8,0.44,1.8,4.4,0.414,1.6,3.3,0.474,0.558,0.8,1,0.825,0.3,1.5,1.8,3.5,0.8,0,1.3,1.4,9.5,3273.268397
Elijah Millsap,29,2,0,11.5,0.5,3.5,0.143,0,1,0,0.5,2.5,0.2,0.143,0.5,1,0.5,1.5,1.5,3,0.5,0,0,1,1,1.5,1993.740078
Paul Millsap,31,69,67,34,6.2,14.1,0.442,1.1,3.5,0.311,5.1,10.6,0.486,0.481,4.5,5.9,0.768,1.6,6.1,7.7,3.7,1.3,0.9,2.3,2.7,18.1,5591.889842
Nikola Mirotic,25,70,15,24,3.7,8.9,0.413,1.8,5.4,0.342,1.8,3.5,0.52,0.516,1.4,1.8,0.773,0.9,4.6,5.5,1.1,0.8,0.8,1.1,1.8,10.6,3535.533906
Greg Monroe,26,81,0,22.5,4.8,9,0.533,0,0,0,4.8,8.9,0.536,0.533,2.2,3,0.741,2.1,4.5,6.6,2.3,1.1,0.5,1.7,2.1,11.7,3382.615556
E'Twaun Moore,27,73,22,24.9,3.9,8.5,0.457,1.1,2.8,0.37,2.8,5.6,0.501,0.519,0.8,1,0.77,0.5,1.6,2.1,2.2,0.7,0.4,0.8,1.8,9.6,2906.032347
Marcus Morris,27,79,79,32.5,5.3,12.7,0.418,1.5,4.5,0.331,3.8,8.2,0.466,0.477,1.8,2.3,0.784,1,3.7,4.6,2,0.7,0.3,1.1,2.1,14,2236.067977
Markieff Morris,27,76,76,31.2,5.3,11.7,0.457,0.9,2.6,0.362,4.4,9.1,0.483,0.497,2.4,2.8,0.837,1.4,5.1,6.5,1.7,1.1,0.6,1.7,3.3,14,2828.427125
Anthony Morrow,31,49,7,14.6,2,5.1,0.389,0.8,2.7,0.308,1.2,2.4,0.479,0.47,0.7,0.8,0.919,0.2,0.4,0.6,0.5,0.5,0,0.1,0.9,5.5,1993.740078
Donatas Motiejunas,26,34,0,14.1,1.7,4.1,0.413,0.3,1.4,0.234,1.4,2.7,0.505,0.453,0.7,1.4,0.51,0.8,2.2,3,0.9,0.5,0.3,0.9,1.6,4.4,1993.740078
Timofey Mozgov,30,54,52,20.4,3.1,6.1,0.515,0,0,0,3.1,6.1,0.517,0.515,1.2,1.4,0.808,1.9,3,4.9,0.8,0.3,0.6,1.3,2.5,7.4,3908.964057
Emmanuel Mudiay,20,55,41,25.6,3.8,10,0.377,1,3.2,0.315,2.8,6.8,0.408,0.428,2.4,3,0.784,0.5,2.7,3.2,3.9,0.7,0.2,2.2,1.7,11,1838.880094
Shabazz Muhammad,26,78,1,19.4,3.7,7.7,0.482,0.6,1.9,0.338,3.1,5.8,0.528,0.523,1.9,2.4,0.774,1.1,1.7,2.8,0.4,0.3,0.1,0.7,1.1,9.9,1255.878179
Dejounte Murray,26,38,8,8.5,1.3,3.1,0.431,0.2,0.6,0.391,1.1,2.4,0.441,0.47,0.6,0.8,0.7,0.2,0.9,1.1,1.3,0.2,0.2,1,0.8,3.4,1145.692367
Jamal Murray,26,82,10,21.5,3.6,8.9,0.404,1.4,4.2,0.334,2.2,4.7,0.466,0.483,1.3,1.5,0.883,0.5,2.1,2.6,2.1,0.6,0.3,1.4,1.5,9.9,1831.753258
Mike Muscala,26,70,3,17.7,2.4,4.8,0.504,0.7,1.6,0.418,1.8,3.2,0.546,0.573,0.7,0.9,0.766,1.1,2.3,3.4,1.4,0.4,0.6,0.8,1.4,6.2,2236.067977
Larry Nance,26,63,7,22.9,3,5.7,0.526,0.2,0.6,0.278,2.9,5.2,0.554,0.54,0.9,1.3,0.738,1.9,4,5.9,1.5,1.3,0.6,0.9,2.4,7.1,1213.005359
Shabazz Napier,26,53,2,9.7,1.4,3.5,0.399,0.6,1.7,0.37,0.7,1.7,0.429,0.492,0.7,0.9,0.776,0.2,1,1.2,1.3,0.6,0,0.8,0.7,4.1,1536.671728
Maurice Ndour,26,32,4,10.3,1.2,2.7,0.453,0,0.2,0.143,1.2,2.5,0.481,0.459,0.6,0.8,0.731,0.7,1.3,2,0.3,0.5,0.3,0.4,0.9,3.1,1993.740078
Gary Neal,26,2,0,9,0,3.5,0,0,1,0,0,2.5,0,0,2,2,1,0,0.5,0.5,0.5,0,0,0,0.5,2,1993.740078
Jameer Nelson,26,75,39,27.3,3.6,8.1,0.444,1.4,3.6,0.388,2.2,4.4,0.489,0.531,0.6,0.8,0.714,0.4,2.2,2.6,5.1,0.7,0.1,1.7,2.6,9.2,1870.6845
Raul Neto,26,40,0,8.7,1,2.3,0.451,0.3,0.8,0.323,0.8,1.5,0.517,0.505,0.2,0.2,0.889,0.1,0.7,0.8,0.9,0.5,0.1,0.4,1.2,2.5,1213.005359
Georges Niang,26,23,0,4,0.4,1.6,0.25,0,0.5,0.083,0.3,1,0.333,0.264,0.1,0.1,1,0.1,0.7,0.7,0.2,0.1,0,0.2,0.3,0.9,316.227766
Andrew Nicholson,26,38,0,9,1.1,2.9,0.387,0.1,0.7,0.185,1,2.2,0.452,0.41,0.2,0.4,0.643,0.4,1.2,1.6,0.3,0.4,0.2,0.4,1.4,2.6,1686.543507
Joakim Noah,26,46,46,22.1,2.2,4.4,0.49,0,0,0,2.2,4.4,0.493,0.49,0.7,1.7,0.436,3.5,5.2,8.8,2.2,0.7,0.8,1.3,2.8,5,4214.854683
Nerlens Noel,26,51,19,20.5,3.6,6.1,0.595,0,0,0,3.6,6,0.597,0.595,1.5,2.2,0.694,1.8,3.9,5.8,1,1.3,1,1,2.5,8.7,2046.362382
Lucas Nogueira,26,57,6,19.1,1.8,2.7,0.66,0.1,0.2,0.25,1.8,2.5,0.694,0.67,0.8,1.2,0.657,1.4,2.8,4.3,0.7,0.9,1.6,0.8,2.4,4.4,1716.77168
Steve Novak,26,8,0,2.8,0.3,0.9,0.286,0.1,0.8,0.167,0.1,0.1,1,0.357,0,0,0,0,0.4,0.4,0,0,0,0,0.1,0.6,1993.740078
Dirk Nowitzki,26,54,54,26.4,5.5,12.6,0.437,1.5,3.9,0.378,4,8.7,0.463,0.495,1.8,2.1,0.875,0.4,6.1,6.5,1.5,0.6,0.7,0.9,2.1,14.2,2236.067977
Jusuf Nurkic,22,65,48,21.4,4.2,8.2,0.507,0,0,0,4.2,8.2,0.508,0.507,1.8,3.2,0.571,2.4,4.8,7.2,1.9,0.8,1.1,2.2,2.5,10.2,1716.77168
David Nwaba,24,20,2,19.9,2.4,4.1,0.58,0.1,0.3,0.2,2.3,3.8,0.605,0.586,1.3,2,0.641,0.9,2.3,3.2,0.7,0.7,0.4,0.6,1.8,6,1145.692367
Johnny O'Bryant,23,11,0,7.3,1.4,2.7,0.5,0.3,0.5,0.5,1.1,2.2,0.5,0.55,0.5,0.5,0.833,0.8,0.9,1.7,0.5,0,0.1,0.5,0.9,3.5,1234.627474
Kyle O'Quinn,26,79,8,15.6,2.7,5.2,0.521,0,0.2,0.118,2.7,5,0.538,0.523,0.8,1.1,0.771,2,3.6,5.6,1.5,0.5,1.3,1,2.2,6.3,2021.756662
Daniel Ochefu,23,19,0,3.9,0.6,1.4,0.444,0,0,0,0.6,1.4,0.444,0.444,0,0.1,0,0.3,0.9,1.2,0.2,0.1,0,0.2,0.9,1.3,223.6067977
Jahlil Okafor,21,50,33,22.7,4.8,9.4,0.514,0,0,0,4.8,9.4,0.514,0.514,2.1,3.2,0.671,1.6,3.2,4.8,1.2,0.4,1,1.8,2.4,11.8,2234.97651
Victor Oladipo,24,67,67,33.2,6.1,13.9,0.442,1.9,5.3,0.361,4.3,8.7,0.491,0.51,1.7,2.3,0.753,0.6,3.8,4.3,2.6,1.2,0.3,1.8,2.3,15.9,4582.575695
Kelly Olynyk,25,75,6,20.5,3.5,6.8,0.512,0.9,2.6,0.354,2.6,4.2,0.608,0.579,1.2,1.6,0.732,1,3.8,4.8,2,0.6,0.4,1.3,2.8,9,3256.864904
Arinze Onuaku,29,8,0,3.5,0.3,0.5,0.5,0,0,0,0.3,0.5,0.5,0.5,0,0,0,0.3,0.5,0.8,0.3,0,0.1,0.3,0.4,0.5,1993.740078
Chinanu Onuaku,20,5,1,10.4,1,1.4,0.714,0,0,0,1,1.4,0.714,0.714,0.8,0.8,1,0.4,1.6,2,0.6,0.6,0.2,0.8,1.2,2.8,1145.692367
Kelly Oubre,21,79,5,20.3,2.4,5.6,0.421,0.7,2.4,0.287,1.7,3.2,0.52,0.482,0.9,1.3,0.758,0.8,2.5,3.3,0.6,0.7,0.2,0.6,2.5,6.3,1446.734253
Zaza Pachulia,32,70,70,18.1,2.3,4.4,0.534,0,0,0,2.3,4.4,0.538,0.534,1.4,1.8,0.778,2,3.9,5.9,1.9,0.8,0.5,1.2,2.4,6.1,1864.832432
Georgios Papagiannis,19,22,0,16.1,2.5,4.6,0.549,0,0.1,0,2.5,4.5,0.56,0.549,0.5,0.6,0.857,1.1,2.8,3.9,0.9,0.1,0.8,1.1,2,5.6,1089.843796
Jabari Parker,21,51,50,33.9,7.8,16,0.49,1.3,3.5,0.365,6.5,12.5,0.525,0.53,3.2,4.3,0.743,1.5,4.6,6.2,2.8,1,0.4,1.8,2.2,20.1,2604.302594
Tony Parker,34,63,63,25.2,4.2,9,0.466,0.4,1.1,0.333,3.8,7.9,0.484,0.486,1.3,1.9,0.726,0.1,1.7,1.8,4.5,0.5,0,1.4,1.5,10.1,3931.046426
Chandler Parsons,28,34,34,19.9,2.2,6.5,0.338,0.7,2.7,0.269,1.5,3.8,0.388,0.394,1,1.3,0.814,0.2,2.3,2.5,1.6,0.6,0.1,0.7,1.5,6.2,4807.494566
Lamar Patterson,25,5,0,8,0.6,3,0.2,0.2,1.2,0.167,0.4,1.8,0.222,0.233,0.4,0.6,0.667,0.2,1.2,1.4,1.2,0.2,0,0.8,1.2,1.8,1993.740078
Patrick Patterson,27,65,8,24.6,2.4,5.9,0.401,1.4,3.9,0.372,0.9,2,0.458,0.523,0.7,0.9,0.717,1,3.6,4.5,1.2,0.6,0.4,0.6,1.8,6.8,2278.596059
Chris Paul,31,61,61,31.5,6.1,12.9,0.476,2,5,0.411,4.1,7.9,0.518,0.555,3.8,4.3,0.892,0.7,4.3,5,9.2,2,0.1,2.4,2.4,18.1,4959.787899
Adreian Payne,25,18,0,7.5,1.3,3,0.426,0.2,0.8,0.2,1.1,2.2,0.513,0.454,0.8,1.1,0.737,0.5,1.3,1.8,0.4,0.4,0.4,0.4,1.8,3.5,1993.740078
Cameron Payne,22,31,0,14.9,2.1,6.2,0.332,0.9,2.8,0.314,1.2,3.5,0.346,0.402,0.2,0.3,0.625,0.1,1.5,1.5,1.8,0.5,0.1,0.9,1.7,5.2,1484.398868
Elfrid Payton,22,82,58,29.4,5.2,11.1,0.471,0.5,1.8,0.274,4.8,9.3,0.509,0.493,1.8,2.6,0.692,1.1,3.6,4.7,6.5,1.1,0.5,2.2,2.2,12.8,1825.469803
Gary Payton,24,6,0,16.5,1.3,3.7,0.364,0.2,1.5,0.111,1.2,2.2,0.538,0.386,0.5,0.8,0.6,0,2,2,2.2,0.5,0.7,1.7,1.5,3.3,223.6067977
Paul Pierce,39,25,7,11.1,1.1,2.8,0.4,0.6,1.7,0.349,0.5,1.1,0.481,0.507,0.4,0.5,0.769,0,1.9,1.9,0.4,0.2,0.2,0.6,1.6,3.2,1046.938394
Marshall Plumlee,24,21,1,8.1,0.8,1.4,0.533,0,0,0,0.8,1.4,0.533,0.533,0.4,0.9,0.421,1.1,1.3,2.4,0.5,0.2,0.2,0.6,1.1,1.9,316.227766
Mason Plumlee,26,81,64,26.5,4.1,7.7,0.536,0,0.1,0,4.1,7.6,0.541,0.536,2.1,3.7,0.58,2.1,5.4,7.5,3.5,0.9,1.1,1.7,2.8,10.4,3747.145047
Miles Plumlee,28,45,12,10.8,1,2,0.478,0,0,0,1,2,0.478,0.478,0.6,0.9,0.641,0.8,1.3,2.1,0.5,0.4,0.3,0.7,1.6,2.5,3535.533906
Jakob Poeltl,21,54,4,11.6,1.2,2.1,0.583,0,0,0,1.2,2.1,0.583,0.583,0.6,1.1,0.544,1.4,1.6,3.1,0.2,0.3,0.4,0.5,2.1,3.1,1680.964009
Otto Porter,23,80,80,32.6,5.2,10,0.516,1.9,4.3,0.434,3.3,5.8,0.576,0.608,1.2,1.5,0.832,1.5,5,6.4,1.5,1.5,0.5,0.6,2.4,13.4,4977.27335
Bobby Portis,21,64,13,15.6,2.9,5.9,0.488,0.5,1.5,0.333,2.4,4.4,0.541,0.531,0.6,0.9,0.661,1.2,3.5,4.6,0.5,0.3,0.2,0.6,1.5,6.8,1231.389459
Kristaps Porzingis,21,66,65,32.8,6.7,14.9,0.45,1.7,4.8,0.357,5,10.2,0.493,0.507,3,3.8,0.786,1.7,5.5,7.2,1.5,0.7,2,1.8,3.7,18.1,2122.168702
Dwight Powell,25,77,3,17.3,2.5,4.9,0.515,0.3,1,0.284,2.2,3.9,0.571,0.542,1.4,1.8,0.759,1.2,2.8,4,0.6,0.8,0.5,0.4,1.8,6.7,3000.520788
Norman Powell,23,76,18,18,3,6.7,0.449,0.7,2.3,0.324,2.3,4.4,0.514,0.504,1.7,2.1,0.792,0.3,1.9,2.2,1.1,0.7,0.2,0.9,1.7,8.4,1213.005359
Alex Poythress,23,6,1,26.2,4.2,9,0.463,1,3.2,0.316,3.2,5.8,0.543,0.519,1.3,1.7,0.8,1.8,3,4.8,0.8,0.5,0.3,0.5,2.3,10.7,882.4216679
Ronnie Price,33,14,0,9.6,0.3,1.7,0.167,0.2,1.2,0.176,0.1,0.5,0.143,0.229,0.2,0.3,0.75,0.2,0.6,0.8,1.3,0.8,0.1,0.2,1,1,1562.835564
Tim Quarterman,22,16,0,5,0.8,1.8,0.448,0.3,0.8,0.385,0.5,1,0.5,0.534,0,0.2,0,0.3,0.6,0.9,0.7,0.1,0.2,0.7,0.4,1.9,1993.740078
Chasson Randle,23,26,0,11.5,1.5,3.8,0.408,0.6,1.8,0.34,0.9,2,0.471,0.49,1.6,1.7,0.953,0.2,1,1.2,1.3,0.3,0.1,0.7,1.5,5.3,1145.692367
Julius Randle,22,74,73,28.8,5.1,10.4,0.488,0.2,0.9,0.27,4.9,9.6,0.507,0.499,2.8,3.8,0.723,2,6.6,8.6,3.6,0.7,0.5,2.3,3.4,13.2,2036.968826
Zach Randolph,35,73,5,24.5,5.9,13.2,0.449,0.3,1.3,0.223,5.6,11.9,0.474,0.46,1.9,2.6,0.731,2.5,5.7,8.2,1.7,0.5,0.1,1.4,1.9,14.1,3508.232033
J.J. Redick,32,78,78,28.2,5.1,11.4,0.445,2.6,6,0.429,2.5,5.4,0.462,0.558,2.3,2.6,0.891,0.1,2.1,2.2,1.4,0.7,0.2,1.3,1.6,15,4795.831523
Willie Reed,26,71,5,14.5,2.3,4,0.568,0,0.1,0.25,2.3,4,0.573,0.57,0.7,1.2,0.557,1.8,2.9,4.7,0.4,0.3,0.7,0.4,1.9,5.3,1255.878179
Josh Richardson,23,53,34,30.5,3.8,9.7,0.394,1.4,4.3,0.33,2.4,5.4,0.444,0.467,1.1,1.5,0.779,0.7,2.5,3.2,2.6,1.1,0.7,1.2,2.5,10.2,1213.005359
Malachi Richardson,21,22,0,9,1.3,3.1,0.412,0.4,1.3,0.286,0.9,1.8,0.5,0.471,0.7,0.9,0.789,0.1,0.9,1,0.5,0.2,0,0.4,1,3.6,1226.605071
Austin Rivers,24,74,29,27.8,4.4,9.9,0.442,1.5,4,0.371,2.9,5.8,0.491,0.518,1.8,2.6,0.691,0.3,1.9,2.2,2.8,0.6,0.1,1.6,2.5,12,3438.749773
Andre Roberson,25,79,79,30.1,2.7,5.9,0.464,0.6,2.3,0.245,2.2,3.5,0.609,0.513,0.6,1.4,0.423,1.2,3.9,5.1,1,1.2,1,0.6,2.6,6.6,3042.903055
Brian Roberts,31,41,2,10.1,1.1,3,0.377,0.4,1.1,0.386,0.7,1.9,0.372,0.447,0.8,1,0.846,0.1,0.8,1,1.3,0.2,0,0.6,0.4,3.5,1993.740078
Glenn Robinson,23,69,27,20.7,2.3,4.9,0.467,0.7,1.8,0.392,1.6,3.1,0.512,0.54,0.8,1.1,0.711,0.8,2.7,3.6,0.7,0.6,0.3,0.5,0.9,6.1,1234.627474
Thomas Robinson,25,48,1,11.7,2.2,4.1,0.536,0,0,0,2.2,4.1,0.538,0.536,0.6,1.4,0.47,1.8,2.9,4.6,0.6,0.5,0.2,1,1.6,5,1993.740078
Sergio Rodriguez,30,68,30,22.3,3.1,7.9,0.392,1.4,3.7,0.365,1.7,4.2,0.415,0.478,0.3,0.4,0.667,0.3,2,2.3,5.1,0.7,0.1,1.9,1.4,7.8,1993.740078
Rajon Rondo,30,69,42,26.7,3.3,8.1,0.408,0.7,1.9,0.376,2.6,6.2,0.418,0.453,0.4,0.7,0.6,1.1,4.1,5.1,6.7,1.4,0.2,2.4,2.1,7.8,1774.823935
Derrick Rose,28,64,64,32.5,7.2,15.3,0.471,0.2,0.9,0.217,7,14.3,0.487,0.477,3.5,4,0.874,1,2.8,3.8,4.4,0.7,0.3,2.3,1.3,18,1454.975945
Terrence Ross,25,78,24,25.1,4.2,9.6,0.437,1.8,5,0.363,2.4,4.6,0.518,0.532,0.8,1,0.831,0.2,2.4,2.6,1.1,1.1,0.4,0.9,1.8,11,3240.370349
Terry Rozier,22,74,0,17.1,2,5.6,0.367,0.8,2.4,0.318,1.3,3.1,0.405,0.437,0.7,0.9,0.773,0.5,2.5,3.1,1.8,0.6,0.1,0.6,0.9,5.5,1410.148928
Ricky Rubio,26,75,75,32.9,3.5,8.7,0.402,0.8,2.6,0.306,2.7,6.1,0.443,0.448,3.4,3.8,0.891,0.9,3.2,4.1,9.1,1.7,0.1,2.6,2.7,11.1,3778.227097
Damjan Rudez,30,45,0,7,0.7,2,0.352,0.4,1.4,0.313,0.2,0.5,0.458,0.466,0,0,0,0.1,0.4,0.6,0.4,0.3,0,0.2,0.7,1.8,1993.740078
Brandon Rush,31,47,33,21.9,1.5,4,0.374,0.9,2.4,0.386,0.6,1.6,0.356,0.492,0.3,0.4,0.722,0.3,1.8,2.1,1,0.5,0.5,0.6,0.9,4.2,345.8352209
D'Angelo Russell,20,63,60,28.7,5.6,13.8,0.405,2.1,6.1,0.352,3.4,7.7,0.447,0.483,2.3,3,0.782,0.5,3,3.5,4.8,1.4,0.3,2.8,2.1,15.6,2358.465603
Domantas Sabonis,20,81,66,20.1,2.4,5.9,0.399,0.6,2,0.321,1.7,4,0.438,0.452,0.5,0.8,0.657,0.6,3,3.6,1,0.5,0.4,1,2.5,5.9,1596.871942
Larry Sanders,28,5,0,2.6,0.2,0.8,0.25,0,0,0,0.2,0.8,0.25,0.25,0.4,0.4,1,0.6,0.2,0.8,0,0.2,0.2,0.4,1,0.8,1365.850285
Dario Saric,22,81,36,26.3,4.7,11.4,0.411,1.3,4.2,0.311,3.4,7.2,0.469,0.468,2.1,2.7,0.782,1.4,5,6.3,2.2,0.7,0.4,2.3,2,12.8,1556.457516
Tomas Satoransky,25,57,3,12.6,1.1,2.6,0.415,0.2,0.6,0.243,0.9,1.9,0.473,0.446,0.4,0.6,0.697,0.4,1,1.5,1.6,0.5,0.1,0.7,1.1,2.7,1732.050808
Dennis Schroder,23,79,78,31.5,6.9,15.4,0.451,1.3,3.7,0.34,5.7,11.6,0.487,0.493,2.8,3.2,0.855,0.5,2.6,3.1,6.3,0.9,0.2,3.3,1.9,17.9,3937.003937
Luis Scola,36,36,1,12.8,2,4.2,0.47,0.5,1.4,0.34,1.5,2.8,0.535,0.526,0.7,1,0.676,1.4,2.4,3.9,1,0.4,0.1,0.9,1.8,5.1,1993.740078
Mike Scott,28,18,0,10.8,0.9,3.3,0.288,0.2,1.5,0.148,0.7,1.8,0.406,0.322,0.4,0.4,0.875,0.6,1.5,2.1,0.9,0.2,0.2,0.4,0.7,2.5,1307.493021
Thabo Sefolosha,32,62,42,25.7,2.8,6.4,0.441,0.7,1.9,0.342,2.1,4.4,0.484,0.492,0.9,1.2,0.733,0.9,3.5,4.4,1.7,1.5,0.5,0.9,1.6,7.2,2291.287847
Wayne Selden,22,14,5,16.9,1.8,4.1,0.431,0.5,2,0.25,1.3,2.1,0.6,0.491,1,1.6,0.636,0.1,1.1,1.1,0.9,0.4,0.1,0.9,1.3,5.1,1145.692367
Kevin Seraphin,27,49,3,11.4,2.2,4,0.551,0,0,0,2.2,4,0.556,0.551,0.3,0.4,0.636,0.8,2.1,2.9,0.5,0.1,0.4,0.6,1.3,4.7,1993.740078
Ramon Sessions,30,50,1,16.2,2,5.3,0.38,0.4,1.2,0.339,1.6,4,0.393,0.42,1.8,2.4,0.771,0.2,1.2,1.5,2.6,0.5,0.1,0.9,0.9,6.2,1138.370766
Iman Shumpert,26,76,31,25.5,2.6,6.4,0.411,1.2,3.4,0.36,1.4,3,0.469,0.507,0.9,1.2,0.789,0.5,2.4,2.9,1.4,0.8,0.4,1,2,7.5,3215.132812
Pascal Siakam,22,55,38,15.6,1.9,3.7,0.502,0,0.1,0.143,1.9,3.6,0.515,0.505,0.4,0.6,0.688,1.2,2.2,3.4,0.3,0.5,0.8,0.6,2,4.2,1145.692367
Jonathon Simmons,27,78,8,17.8,2.3,5.4,0.42,0.4,1.3,0.294,1.9,4.1,0.461,0.456,1.3,1.7,0.75,0.3,1.8,2.1,1.6,0.6,0.3,1,1.9,6.2,2509.98008
Kyle Singler,28,32,2,12,1.1,2.6,0.41,0.2,1.2,0.189,0.8,1.4,0.587,0.452,0.4,0.5,0.765,0.3,1.3,1.5,0.3,0.2,0.2,0.3,0.9,2.8,2160.208323
Marcus Smart,22,79,24,30.4,3.4,9.5,0.359,1.2,4.2,0.283,2.2,5.3,0.42,0.422,2.6,3.2,0.812,1,2.9,3.9,4.6,1.6,0.4,2,2.4,10.6,2130.262895
Ish Smith,28,81,32,24.1,4.1,9.2,0.439,0.3,1.3,0.267,3.7,8,0.467,0.458,0.9,1.3,0.706,0.3,2.6,2.9,5.2,0.8,0.4,1.4,1.6,9.4,2449.489743
J.R. Smith,31,41,35,29,3,8.7,0.346,2.3,6.6,0.351,0.7,2.1,0.329,0.479,0.2,0.4,0.667,0.4,2.3,2.8,1.5,1,0.3,0.6,1.9,8.6,3709.447398
Jason Smith,30,74,3,14.4,2.4,4.4,0.529,0.5,1.1,0.474,1.9,3.4,0.546,0.585,0.5,0.7,0.686,0.9,2.6,3.5,0.5,0.3,0.7,0.8,2.3,5.7,2285.82589
Tony Snell,25,80,80,29.2,3.1,6.8,0.455,1.8,4.4,0.406,1.3,2.3,0.548,0.588,0.6,0.7,0.81,0.3,2.8,3.1,1.2,0.7,0.2,0.7,1.6,8.5,3133.915921
Marreese Speights,29,82,2,15.7,3,6.7,0.445,1.3,3.4,0.372,1.7,3.3,0.52,0.539,1.5,1.7,0.876,1.1,3.5,4.5,0.8,0.3,0.5,0.8,2.8,8.7,1454.975945
Tiago Splitter,32,8,0,9.5,1.8,3.9,0.452,0.3,0.8,0.333,1.5,3.1,0.48,0.484,1.1,1.4,0.818,1,1.8,2.8,0.5,0.1,0.1,0.8,1,4.9,1993.740078
Nik Stauskas,23,80,27,27.4,3.1,7.9,0.396,1.7,4.5,0.368,1.5,3.4,0.433,0.5,1.5,1.9,0.813,0.3,2.6,2.8,2.4,0.6,0.4,1.6,1.8,9.5,1951.190918
Lance Stephenson,26,18,0,20.1,3,6.7,0.45,0.3,1.1,0.3,2.7,5.6,0.48,0.475,0.4,0.7,0.615,0.2,2.7,2.9,3.3,0.3,0.2,1.4,1.8,6.8,2044.50483
Jarnell Stokes,23,2,0,3.5,0.5,0.5,1,0,0,0,0.5,0.5,1,1,0.5,1,0.5,0.5,0.5,1,1,0.5,0,0,1.5,1.5,1993.740078
Diamond Stone,19,7,0,3.4,0.4,1.9,0.231,0,0,0,0.4,1.9,0.231,0.231,0.6,0.6,1,0.1,0.7,0.9,0,0,0.1,0.3,0.7,1.4,825.4123212
Rodney Stuckey,30,39,0,17.8,2.3,6.3,0.373,0.5,1.5,0.317,1.8,4.7,0.391,0.412,2.1,2.7,0.748,0.2,2,2.2,2.2,0.4,0,1.4,1.1,7.2,1993.740078
Jared Sullinger,24,11,1,10.7,1.4,4.3,0.319,0.3,1.6,0.167,1.1,2.6,0.414,0.351,0.4,0.7,0.5,0.9,1.5,2.5,0.3,0.4,0.1,0.4,1.5,3.4,1993.740078
Edy Tavares,24,2,0,14,2,2.5,0.8,0,0,0,2,2.5,0.8,0.8,0,1.5,0,2,3.5,5.5,0.5,0,3,1,1.5,4,1993.740078
Isaiah Taylor,22,4,0,13,0.3,1.8,0.143,0,0.5,0,0.3,1.3,0.2,0.143,0.3,0.5,0.5,0.3,0.5,0.8,0.8,0.3,0.3,0,1.5,0.8,1145.692367
Jeff Teague,28,82,82,32.4,4.9,11.1,0.442,1.1,3.1,0.357,3.8,8,0.475,0.492,4.4,5.1,0.867,0.4,3.6,4,7.8,1.2,0.4,2.6,2,15.3,4358.898944
Mirza Teletovic,31,70,2,16.2,2.2,6,0.373,1.5,4.4,0.341,0.7,1.6,0.46,0.498,0.5,0.6,0.778,0.2,2.2,2.3,0.7,0.2,0.2,0.5,1.6,6.4,3240.370349
Garrett Temple,30,65,21,26.6,2.8,6.6,0.424,1.3,3.4,0.373,1.6,3.3,0.476,0.519,0.9,1.1,0.784,0.5,2.3,2.8,2.6,1.3,0.4,1.2,2.2,7.8,2828.427125
Jason Terry,39,74,0,18.4,1.4,3.3,0.432,1,2.3,0.427,0.4,1,0.444,0.582,0.3,0.4,0.828,0.2,1.2,1.4,1.3,0.6,0.3,0.5,1.3,4.1,1525.992136
Lance Thomas,28,46,15,21,2.1,5.3,0.398,0.8,1.8,0.447,1.3,3.5,0.371,0.475,0.9,1.1,0.843,0.7,2.4,3.1,0.8,0.5,0.1,0.5,1.8,6,2579.791658
Hollis Thompson,25,40,9,18.8,1.9,5,0.385,0.8,2.4,0.337,1.1,2.6,0.429,0.465,0.5,0.7,0.655,0.5,2.3,2.8,0.9,0.5,0.2,0.3,1.7,5.1,1993.740078
Klay Thompson,26,78,78,34,8.3,17.6,0.468,3.4,8.3,0.414,4.8,9.3,0.516,0.565,2.4,2.8,0.853,0.6,3,3.7,2.1,0.8,0.5,1.6,1.8,22.3,4222.102557
Tristan Thompson,25,78,78,29.9,3.4,5.6,0.6,0,0,0,3.4,5.6,0.604,0.6,1.4,2.7,0.498,3.7,5.5,9.2,1,0.5,1.1,0.8,2.3,8.1,4049.691346
Marcus Thornton,29,33,1,17.4,2.5,6.4,0.4,0.8,2.4,0.35,1.7,3.9,0.431,0.467,0.7,0.8,0.852,0.7,1.6,2.3,1.2,0.6,0.1,0.8,1.5,6.6,214.6625258
Mike Tobey,22,2,0,12.5,0.5,2,0.25,0,0,0,0.5,2,0.25,0.25,0,0,0,1,0.5,1.5,0.5,0,0,0.5,1,1,1993.740078
Anthony Tolliver,31,65,9,22.7,2.4,5.4,0.442,1.4,3.5,0.391,1,1.9,0.537,0.57,0.9,1.3,0.744,0.8,2.9,3.6,1.2,0.5,0.3,0.9,1.7,7.1,1626.345597
Axel Toupane,24,4,0,11.8,1.3,2.3,0.556,0.3,1,0.25,1,1.3,0.8,0.611,0,0,0,0,0.3,0.3,0,0.3,0.3,0,1.5,2.8,158.113883
Karl-Anthony Towns,21,82,82,37,9.8,18,0.542,1.2,3.4,0.367,8.5,14.7,0.582,0.576,4.3,5.2,0.832,3.6,8.7,12.3,2.7,0.7,1.3,2.6,2.9,25.1,2493.35918
P.J. Tucker,31,81,21,27.6,2.5,6,0.413,0.9,2.4,0.357,1.6,3.5,0.451,0.485,0.9,1.1,0.774,1.4,4.4,5.8,1.2,1.4,0.2,0.8,2.4,6.7,2755.001815
Evan Turner,28,65,12,25.5,3.6,8.5,0.426,0.5,1.8,0.263,3.1,6.7,0.47,0.454,1.3,1.6,0.825,0.6,3.2,3.8,3.2,0.8,0.4,1.5,1.9,9,4138.979101
Myles Turner,20,81,81,31.4,5.5,10.7,0.511,0.5,1.4,0.348,5,9.3,0.536,0.534,3,3.7,0.809,1.7,5.6,7.3,1.3,0.9,2.1,1.3,3.2,14.5,1603.097003
Beno Udrih,34,39,0,14.4,2.4,5.1,0.467,0.3,0.8,0.344,2.1,4.2,0.491,0.495,0.8,0.9,0.941,0.2,1.3,1.5,3.4,0.3,0,0.9,0.7,5.8,158.113883
Tyler Ulis,21,61,15,18.4,3,7.2,0.421,0.3,1.3,0.266,2.7,5.9,0.455,0.445,0.9,1.2,0.775,0.3,1.2,1.6,3.7,0.8,0.1,1.3,1.2,7.3,1145.692367
Jarrod Uthoff,23,9,0,12.8,1.8,4.2,0.421,0.3,1,0.333,1.4,3.2,0.448,0.461,0.6,0.8,0.714,0.9,1.6,2.4,1,0.2,0.4,0.3,0.9,4.4,1993.740078
Jonas Valanciunas,24,80,80,25.8,4.9,8.8,0.557,0,0,0.5,4.9,8.8,0.557,0.558,2.2,2.7,0.811,2.8,6.7,9.5,0.7,0.5,0.8,1.3,2.7,12,3932.006485
Denzel Valentine,23,57,0,17.1,1.8,5.1,0.354,1.3,3.6,0.351,0.5,1.4,0.363,0.481,0.2,0.3,0.778,0.2,2.5,2.6,1.1,0.5,0.1,0.9,1.5,5.1,1478.648031
Fred VanVleet,22,37,0,7.9,1.1,3,0.351,0.3,0.8,0.379,0.8,2.2,0.341,0.401,0.5,0.6,0.818,0.1,1,1.1,0.9,0.4,0.1,0.4,1,2.9,1145.692367
Anderson Varejao,34,14,1,6.6,0.4,1,0.357,0,0,0,0.4,1,0.357,0.357,0.6,0.8,0.727,0.9,1.1,1.9,0.7,0.2,0.2,0.6,1.1,1.3,1383.237145
Greivis Vasquez,30,3,0,13,0.7,2.7,0.25,0.3,1,0.333,0.3,1.7,0.2,0.313,0.7,1,0.667,0,0.7,0.7,1.7,0.3,0.3,0.3,2,2.3,1993.740078
Rashad Vaughn,20,41,2,11.2,1.4,3.8,0.365,0.6,2,0.321,0.8,1.8,0.413,0.449,0,0.1,0.4,0.1,1.1,1.2,0.6,0.5,0.2,0.3,0.8,3.5,1013.73024
Noah Vonleh,21,74,41,17.1,1.8,3.6,0.481,0.1,0.3,0.35,1.7,3.4,0.492,0.494,0.8,1.3,0.638,1.8,3.5,5.2,0.4,0.4,0.4,0.9,2.1,4.4,1872.226749
Nikola Vucevic,26,75,55,28.8,6.4,13.7,0.468,0.3,1,0.307,6.1,12.7,0.481,0.48,1.4,2.1,0.669,2.3,8,10.4,2.8,1,1,1.6,2.4,14.6,3500
Sasha Vujacic,32,42,4,9.7,1,3.2,0.309,0.5,1.8,0.311,0.5,1.5,0.306,0.393,0.4,0.6,0.708,0.3,1.1,1.4,1.2,0.3,0,0.4,0.9,3,1993.740078
Dwyane Wade,35,60,59,29.9,6.9,15.9,0.434,0.8,2.4,0.31,6.2,13.5,0.456,0.457,3.7,4.7,0.794,1.1,3.5,4.5,3.8,1.4,0.7,2.3,1.9,18.3,2989.870566
Dion Waiters,25,46,43,30.1,6.1,14.4,0.424,1.8,4.7,0.395,4.3,9.7,0.438,0.488,1.8,2.8,0.646,0.4,2.9,3.3,4.3,0.9,0.4,2.2,2.1,15.8,3316.62479
Kemba Walker,26,79,79,34.7,8.1,18.3,0.444,3,7.6,0.399,5.1,10.7,0.476,0.527,3.8,4.5,0.847,0.6,3.3,3.9,5.5,1.1,0.3,2.1,1.5,23.2,3464.101615
John Wall,26,78,78,36.4,8.3,18.4,0.451,1.1,3.5,0.327,7.2,14.9,0.48,0.482,5.4,6.8,0.801,0.8,3.4,4.2,10.7,2,0.6,4.1,1.9,23.1,4250.158821
Taurean Waller-Prince,22,59,10,16.6,1.9,4.8,0.4,0.6,1.7,0.324,1.4,3.1,0.443,0.458,1.3,1.6,0.787,0.4,2.2,2.7,0.9,0.7,0.5,1,1.6,5.7,1556.457516
T.J. Warren,23,66,59,31,6.1,12.3,0.495,0.4,1.5,0.265,5.7,10.8,0.527,0.511,1.8,2.3,0.773,1.9,3.2,5.1,1.1,1.2,0.6,0.9,2.7,14.4,1775.649459
C.J. Watson,32,62,9,16.3,1.5,4,0.387,0.5,1.7,0.305,1,2.3,0.448,0.452,0.9,1.1,0.864,0.3,1.2,1.4,1.8,0.7,0,0.8,1.4,4.5,577.3508465
Briante Weber,24,20,0,10.3,1.3,3,0.417,0.1,0.5,0.1,1.2,2.5,0.48,0.425,0.6,0.8,0.688,0.4,0.9,1.3,1.1,0.6,0.1,0.4,0.8,3.1,247.0688163
David West,36,68,0,12.6,2,3.7,0.536,0,0.1,0.375,1.9,3.6,0.541,0.542,0.6,0.8,0.768,0.7,2.3,3,2.2,0.6,0.7,1.1,1.5,4.6,1525.992136
Okaro White,24,35,0,13.5,0.9,2.5,0.379,0.3,1,0.353,0.6,1.5,0.396,0.448,0.6,0.6,0.909,0.7,1.6,2.3,0.6,0.3,0.3,0.5,1.5,2.8,832.697424
Isaiah Whitehead,21,73,26,22.5,2.8,7,0.402,0.6,2,0.295,2.2,4.9,0.446,0.445,1.2,1.5,0.805,0.4,2.1,2.5,2.6,0.6,0.5,1.9,2.4,7.4,1145.692367
Hassan Whiteside,27,77,77,32.6,7,12.6,0.557,0,0,0,7,12.6,0.557,0.557,2.9,4.6,0.628,3.8,10.3,14.1,0.7,0.7,2.1,2,2.9,17,4876.013331
Andrew Wiggins,21,82,82,37.2,8.6,19.1,0.452,1.3,3.5,0.356,7.4,15.6,0.473,0.484,5,6.6,0.76,1.2,2.8,4,2.3,1,0.4,2.3,2.2,23.6,2752.148615
C.J. Wilcox,26,22,0,4.9,0.4,1.4,0.258,0.1,0.7,0.2,0.2,0.7,0.313,0.306,0.1,0.1,1,0.2,0.4,0.5,0.5,0.1,0,0.3,0.4,1,1993.740078
Alan Williams,24,47,0,15.1,2.9,5.7,0.517,0,0,0,2.9,5.7,0.519,0.517,1.5,2.4,0.625,2,4.2,6.2,0.5,0.6,0.7,0.8,2.7,7.4,2449.489743
Deron Williams,32,64,44,25.9,4.1,9.4,0.438,1.3,3.7,0.363,2.8,5.7,0.486,0.509,1.4,1.7,0.826,0.2,2.1,2.3,5.6,0.5,0.1,2.2,2.2,11,2345.20788
Derrick Williams,25,50,11,16.1,2.2,4.9,0.443,0.6,1.9,0.309,1.6,2.9,0.531,0.504,1.2,1.8,0.652,0.4,2.2,2.6,0.6,0.3,0.1,0.6,1.2,6.1,322.5817726
Lou Williams,30,81,1,24.6,5.3,12.3,0.429,2,5.5,0.365,3.3,6.8,0.48,0.511,5,5.6,0.88,0.3,2.2,2.5,3,1,0.2,2,1.1,17.5,2645.751311
Marvin Williams,30,76,76,30.2,3.9,9.3,0.422,1.6,4.7,0.35,2.3,4.6,0.494,0.51,1.7,2,0.873,1.2,5.4,6.6,1.4,0.8,0.7,0.8,1.8,11.2,3628.877237
Reggie Williams,30,6,0,13.2,1.3,3.8,0.348,0.8,1.8,0.455,0.5,2,0.25,0.457,1,1.2,0.857,0.3,0.7,1,0.7,0.5,0,0,0.3,4.5,1993.740078
Troy Williams,22,30,16,18.6,2.4,5.6,0.437,0.6,2.1,0.29,1.8,3.5,0.524,0.491,0.7,1.1,0.656,0.5,1.8,2.3,0.8,0.9,0.3,1.1,2,6.2,899.9166628
Kyle Wiltjer,24,14,0,3.1,0.3,1,0.286,0.3,0.9,0.308,0,0.1,0,0.429,0.1,0.1,0.5,0.3,0.4,0.7,0.1,0.2,0.1,0.4,0.3,0.9,1993.740078
Justise Winslow,20,18,15,34.7,4.4,12.5,0.356,0.4,1.9,0.2,4.1,10.6,0.384,0.371,1.6,2.6,0.617,1.3,3.9,5.2,3.7,1.4,0.3,1.8,2.9,10.9,1644.700581
Jeff Withey,26,51,1,8.5,1.1,2,0.534,0,0,0,1.1,2,0.539,0.534,0.7,0.9,0.75,1,1.4,2.4,0.1,0.3,0.6,0.3,1,2.9,1255.91401
Christian Wood,21,13,0,8.2,0.9,1.8,0.522,0,0.4,0,0.9,1.4,0.667,0.522,0.8,1.2,0.733,1.1,1.2,2.2,0.2,0.2,0.5,0.5,0.8,2.7,1993.740078
Metta World Peace,37,25,2,6.4,0.8,2.7,0.279,0.4,1.5,0.237,0.4,1.2,0.333,0.346,0.4,0.6,0.625,0.2,0.6,0.8,0.4,0.4,0.1,0.3,0.7,2.3,1993.740078
Brandan Wright,29,28,5,16,3,4.8,0.615,0,0,0,3,4.8,0.619,0.615,0.8,1.3,0.657,1.1,1.7,2.8,0.5,0.4,0.7,0.4,1.5,6.8,2275.90861
Delon Wright,24,27,0,16.5,1.8,4.3,0.422,0.4,1.1,0.333,1.4,3.2,0.453,0.466,1.6,2,0.764,0.6,1.2,1.8,2.1,1,0.4,0.9,1.1,5.6,1282.6535
James Young,21,29,0,7.6,0.9,2,0.431,0.4,1.2,0.343,0.4,0.8,0.565,0.534,0.2,0.3,0.667,0.2,0.7,0.9,0.1,0.3,0.1,0.1,0.5,2.3,1993.740078
Joe Young,24,33,0,4.1,0.8,2.2,0.361,0.2,0.7,0.217,0.6,1.5,0.429,0.396,0.3,0.5,0.733,0,0.5,0.5,0.5,0.1,0,0.2,0.2,2.1,1213.005359
Nick Young,31,60,60,25.9,4.5,10.6,0.43,2.8,7,0.404,1.7,3.5,0.481,0.564,1.3,1.5,0.856,0.4,1.9,2.3,1,0.6,0.2,0.6,2.3,13.2,2278.596059
Thaddeus Young,28,74,74,30.2,4.9,9.3,0.527,0.6,1.6,0.381,4.3,7.7,0.557,0.56,0.6,1.2,0.523,1.8,4.3,6.1,1.6,1.5,0.4,1.3,1.8,11,3846.602137
Cody Zeller,24,62,58,27.8,4.1,7.1,0.571,0,0,0,4.1,7.1,0.572,0.571,2.1,3.2,0.679,2.2,4.4,6.5,1.6,1,0.9,1,3,10.3,3547.431465
Tyler Zeller,27,51,5,10.3,1.5,3.1,0.494,0,0,0,1.5,3.1,0.497,0.494,0.4,0.8,0.564,0.8,1.6,2.4,0.8,0.1,0.4,0.4,1.2,3.5,1307.493021
Stephen Zimmerman,20,19,0,5.7,0.5,1.6,0.323,0,0,0,0.5,1.6,0.323,0.323,0.2,0.3,0.6,0.6,1.3,1.8,0.2,0.1,0.3,0.2,0.9,1.2,1145.692367
Paul Zipser,22,44,18,19.2,2,5,0.398,0.8,2.3,0.333,1.3,2.8,0.451,0.473,0.7,0.9,0.775,0.3,2.5,2.8,0.8,0.3,0.4,0.9,1.8,5.5,1145.692367
Ivica Zubac,19,38,11,16,3.3,6.3,0.529,0,0.1,0,3.3,6.2,0.536,0.529,0.8,1.3,0.653,1.1,3.1,4.2,0.8,0.4,0.9,0.8,1.7,7.5,1145.692367